HCDR1,HCDR2,HCDR3,Kd_nM,Binder,HCDR3_len,neg_log_Kd,SameLength,NumMutations
GFNIKDTY,IYPTNGYT,ARWGGYGFYAMDY,0.56,1,13,9.2518119729938,1,2
GFNIKDTY,IYPTNGYT,TRWGEYFYFMDL,0.63,1,12,9.200659450546418,0,-1
GFNIKDTY,IYPTNGYT,TRYYYGFYAMDY,0.64,1,12,9.193820026016112,0,-1
GFNIKDTY,IYPTNGYT,TRWYYFIYYYMDV,0.87,1,13,9.060480747381382,1,8
GFNIKDTY,IYPTNGYT,TRYFFNGWYYFDV,0.94,1,13,9.0268721464003,1,9
GFNIKDTY,IYPTNGYT,ARYYGYGGYWFAY,0.98,1,13,9.008773924307505,1,8
GFNIKDTY,IYPTNGYT,SRWGGWGFYSMDY,1.07,1,13,8.97061622231479,1,2
GFNIKDTY,IYPTNGYT,TRWGYDYYVMDY,1.09,1,12,8.962573502059376,0,-1
GFNIKDTY,IYPTNGYT,ARYYYGFYYFDY,1.21,1,12,8.91721462968355,0,-1
GFNIKDTY,IYPTNGYT,ARWGNYYYYMDY,1.69,1,12,8.772113295386326,0,-1
GFNIKDTY,IYPTNGYT,SRWGGDGFYAMDY,1.94,1,13,8.712198270069774,1,0
GFNIKDTY,IYPTNGYT,VRWGYGYYYMDY,1.97,1,12,8.705533773838408,0,-1
GFNIKDTY,IYPTNGYT,ARWSYGYYNFDY,1.98,1,12,8.703334809738468,0,-1
GFNIKDTY,IYPTNGYT,SRWHGYGFYAMDY,2.02,1,13,8.694648630553376,1,2
GFNIKDTY,IYPTNGYT,AVYSPDFYYLGY,2.06,1,12,8.686132779630846,0,-1
GFNIKDTY,IYPTNGYT,ARWGYYYYYMDY,2.28,1,12,8.642065152999546,0,-1
GFNIKDTY,IYPTNGYT,ARWGDYYYYMDY,2.36,1,12,8.627087997029893,0,-1
GFNIKDTY,IYPTNGYT,TRWLEGLSYFMDY,2.4,1,13,8.619788758288394,1,7
GFNIKDTY,IYPTNGYT,TRYGGRGAYYFDV,2.54,1,13,8.595166283380062,1,7
GFNIKDTY,IYPTNGYT,ARWPFYGPYNYDY,2.64,1,13,8.578396073130168,1,7
GFNIKDTY,IYPTNGYT,ARWIDGYSYFMDY,2.64,1,13,8.578396073130168,1,7
GFNIKDTY,IYPTNGYT,TRYGYGYYYFDY,2.73,1,12,8.563837352959244,0,-1
GFNIKDTY,IYPTNGYT,VRYGYGYYYFDY,2.77,1,12,8.557520230935552,0,-1
GFNIKDTY,IYPTNGYT,TRWGYGYYYMDY,2.85,1,12,8.54515513999149,0,-1
GFNIKDTY,IYPTNGYT,TRYYYGGPYYFDY,2.99,1,13,8.52432881167557,1,8
GFNIKDTY,IYPTNGYT,ARYGLGDWYYFAY,3.0,1,13,8.522878745280337,1,9
GFNIKDTY,IYPTNGYT,TRYYYGLYYFDY,3.02,1,12,8.51999305704285,0,-1
GFNIKDTY,IYPTNGYT,ARYGHWYYHFDY,3.17,1,12,8.498940737782249,0,-1
GFNIKDTY,IYPTNGYT,TRYGSYYYYFDY,3.18,1,12,8.497572880015568,0,-1
GFNIKDTY,IYPTNGYT,ARWGMFFYYFAY,3.37,1,12,8.47237009912866,0,-1
GFNIKDTY,IYPTNGYT,ARYEAYGLYPFGY,3.39,1,13,8.469800301796917,1,9
GFNIKDTY,IYPTNGYT,ARWGYGYYFLDY,3.4,1,12,8.468521082957745,0,-1
GFNIKDTY,IYPTNGYT,ARWLGEGYYNFDY,3.42,1,13,8.465973893943865,1,6
GFNIKDTY,IYPTNGYT,ARWYGGWYYMDY,3.48,1,12,8.45842075605342,0,-1
GFNIKDTY,IYPTNGYT,SRWGGRGFYAMDY,3.5,1,13,8.455931955649724,1,1
GFNIKDTY,IYPTNGYT,ARWLAYWYAMDY,3.55,1,12,8.449771646944907,0,-1
GFNIKDTY,IYPTNGYT,TRYGGGYYYFDY,3.59,1,12,8.44490555142168,0,-1
GFNIKDTY,IYPTNGYT,ARWGGYYYYMDY,3.62,1,12,8.441291429466835,0,-1
GFNIKDTY,IYPTNGYT,TRWTYGGYYFVV,3.73,1,12,8.428291168191313,0,-1
GFNIKDTY,IYPTNGYT,ARFGYGFYYFAY,3.94,1,12,8.404503778174426,0,-1
GFNIKDTY,IYPTNGYT,VRYGYYYYYMDY,3.96,1,12,8.402304814074487,0,-1
GFNIKDTY,IYPTNGYT,VRYGGGYYYFDV,3.96,1,12,8.402304814074487,0,-1
GFNIKDTY,IYPTNGYT,ANDIYIQGYDLNR,3.99,1,13,8.399027104313252,1,12
GFNIKDTY,IYPTNGYT,ARWTAGYTYYMDY,4.09,1,13,8.388276691992658,1,7
GFNIKDTY,IYPTNGYT,ARWGGNYYYMDY,4.22,1,12,8.374687549038326,0,-1
GFNIKDTY,IYPTNGYT,ARWGSGYYYMDY,4.46,1,12,8.350665141287859,0,-1
GFNIKDTY,IYPTNGYT,TRWGYYGYYAMDY,4.56,1,13,8.341035157335565,1,4
GFNIKDTY,IYPTNGYT,ARWWYYGYYYFDV,4.67,1,13,8.330683119433887,1,8
GFNIKDTY,IYPTNGYT,ATYSFGAYYYVF,4.73,1,12,8.325138859262188,0,-1
GFNIKDTY,IYPTNGYT,ARWPGYGSYYMDV,4.83,1,13,8.316052869248487,1,6
GFNIKDTY,IYPTNGYT,ARWGGNYYVMDY,4.83,1,12,8.316052869248487,0,-1
GFNIKDTY,IYPTNGYT,VRWRSDFYYFDY,4.95,1,12,8.30539480106643,0,-1
GFNIKDTY,IYPTNGYT,ARWYYGWYYWDY,4.95,1,12,8.30539480106643,0,-1
GFNIKDTY,IYPTNGYT,SRWGGPGLYAMDY,5.05,1,13,8.296708621881338,1,2
GFNIKDTY,IYPTNGYT,ARWRGDGFYAMDY,5.08,1,13,8.29413628771608,1,2
GFNIKDTY,IYPTNGYT,TRYGYGYYYMDY,5.25,1,12,8.279840696594043,0,-1
GFNIKDTY,IYPTNGYT,ALWGFGWYYFDY,5.31,1,12,8.27490547891853,0,-1
GFNIKDTY,IYPTNGYT,VRYYGDGGYYFDY,5.35,1,13,8.271646217978772,1,6
GFNIKDTY,IYPTNGYT,TRFRSFFYNFDY,5.4,1,12,8.267606240177031,0,-1
GFNIKDTY,IYPTNGYT,VRYGYGYYYMDY,5.48,1,12,8.26121944151563,0,-1
GFNIKDTY,IYPTNGYT,ARWGDGYYYMDY,5.57,1,12,8.254144804826272,0,-1
GFNIKDTY,IYPTNGYT,AKFSFGAYYYVY,5.57,1,12,8.254144804826272,0,-1
GFNIKDTY,IYPTNGYT,ARWYGAYYHMDY,5.59,1,12,8.252588192113576,0,-1
GFNIKDTY,IYPTNGYT,ARWYYYGYYYFDV,5.66,1,13,8.247183568811728,1,8
GFNIKDTY,IYPTNGYT,ARYRHWYYDYDY,6.15,1,12,8.211124884224583,0,-1
GFNIKDTY,IYPTNGYT,ARYGGFYYYFDY,6.17,1,12,8.209714835966759,0,-1
GFNIKDTY,IYPTNGYT,ARWYYLGYYYFDY,6.29,1,13,8.201349354554731,1,7
GFNIKDTY,IYPTNGYT,VRWGGYYYYFDY,6.35,1,12,8.197226274708024,0,-1
GFNIKDTY,IYPTNGYT,ARWWYGGYYYFDY,6.44,1,13,8.191114132640188,1,7
GFNIKDTY,IYPTNGYT,ARWLYYGYYYFDY,6.5,1,13,8.187086643357144,1,7
GFNIKDTY,IYPTNGYT,ARYGSYFYYMDY,6.53,1,12,8.185086818724926,0,-1
GFNIKDTY,IYPTNGYT,VRWLGHYYYFDY,6.64,1,12,8.177831920631982,0,-1
GFNIKDTY,IYPTNGYT,SYYRNGAYYYSD,6.69,1,12,8.174573882232178,0,-1
GFNIKDTY,IYPTNGYT,ARWWYGGYYYMDY,6.69,1,13,8.174573882232178,1,6
GFNIKDTY,IYPTNGYT,TRWYYYGYYMDY,6.72,1,12,8.172630726946174,0,-1
GFNIKDTY,IYPTNGYT,ARWGLDYYVMDY,6.72,1,12,8.172630726946174,0,-1
GFNIKDTY,IYPTNGYT,VRYGGWGFWYFDY,6.76,1,13,8.170053304058364,1,6
GFNIKDTY,IYPTNGYT,TRYYYYGSYHFDY,6.82,1,13,8.16621562534352,1,8
GFNIKDTY,IYPTNGYT,ARYYYYSYAMDY,6.9,1,12,8.161150909262744,0,-1
GFNIKDTY,IYPTNGYT,ARWGYSGWYVMDY,6.93,1,13,8.159266765388193,1,5
GFNIKDTY,IYPTNGYT,ARWYGWYYFDV,7.0,1,11,8.154901959985743,0,-1
GFNIKDTY,IYPTNGYT,ARWEGIGGYYFVY,7.03,1,13,8.153044674980176,1,7
GFNIKDTY,IYPTNGYT,ARWYYGYYYYFDV,7.04,1,13,8.152427340857887,1,9
GFNIKDTY,IYPTNGYT,ARYFYDYYYYFDF,7.11,1,13,8.148130399270233,1,9
GFNIKDTY,IYPTNGYT,ARYGDGYYYYFAY,7.31,1,13,8.136082623042139,1,9
GFNIKDTY,IYPTNGYT,ARYGGSYFYYYSY,7.31,1,13,8.136082623042139,1,7
GFNIKDTY,IYPTNGYT,ARWYGYGGYYFDY,7.43,1,13,8.129011186239424,1,6
GFNIKDTY,IYPTNGYT,ARWGFSMYSFDY,7.5,1,12,8.1249387366083,0,-1
GFNIKDTY,IYPTNGYT,AKYGSSYGHYYFDY,7.54,1,14,8.122628654130226,0,-1
GFNIKDTY,IYPTNGYT,TRNYYDYYYYFDY,7.54,1,13,8.122628654130226,1,8
GFNIKDTY,IYPTNGYT,ATYGRDYYHFAS,7.55,1,12,8.122053048370812,0,-1
GFNIKDTY,IYPTNGYT,ARWAGDYYVMDY,7.68,1,12,8.114638779968487,0,-1
GFNIKDTY,IYPTNGYT,ARWKGYGHYYMDY,7.69,1,13,8.114073660198569,1,5
GFNIKDTY,IYPTNGYT,ARWYYGHYYYMDY,7.78,1,13,8.10902040301031,1,7
GFNIKDTY,IYPTNGYT,ARWGYDYYYMMDV,7.95,1,13,8.09963287134353,1,6
GFNIKDTY,IYPTNGYT,TRYGTYYYYMDY,7.95,1,12,8.09963287134353,0,-1
GFNIKDTY,IYPTNGYT,ARYYGYGGYYFDY,8.05,1,13,8.094204119632131,1,7
GFNIKDTY,IYPTNGYT,ARWGGPGYYAFVW,8.08,1,13,8.092588639225413,1,6
GFNIKDTY,IYPTNGYT,ARWRQDGAYYLDY,8.11,1,13,8.090979145788843,1,6
GFNIKDTY,IYPTNGYT,ARWGFYYYYFDY,8.16,1,12,8.088309841246138,0,-1
GFNIKDTY,IYPTNGYT,ARYYGYGGYWYDT,8.19,1,13,8.086716098239581,1,8
GFNIKDTY,IYPTNGYT,ARYGYDFYAMDY,8.19,1,12,8.086716098239581,0,-1
GFNIKDTY,IYPTNGYT,ARWVYGYYYYFDY,8.2,1,13,8.086186147616283,1,8
GFNIKDTY,IYPTNGYT,ARWYYYGGYYFDY,8.29,1,13,8.081445469449726,1,7
GFNIKDTY,IYPTNGYT,ARNYYDLYYYFDY,8.41,1,13,8.075204004202087,1,8
GFNIKDTY,IYPTNGYT,ARYYYDYYYYFDY,8.44,1,13,8.073657553374344,1,8
GFNIKDTY,IYPTNGYT,ARWGYGGAYYMDY,8.45,1,13,8.073143291050307,1,5
GFNIKDTY,IYPTNGYT,ARWPGGYYHMDY,8.49,1,12,8.071092309756047,0,-1
GFNIKDTY,IYPTNGYT,ARWFGGYYHMDY,8.52,1,12,8.0695604052333,0,-1
GFNIKDTY,IYPTNGYT,ARWYYYGYYYMDV,8.52,1,13,8.0695604052333,1,7
GFNIKDTY,IYPTNGYT,TSIFSGGYYGLDS,8.57,1,13,8.067019178076801,1,10
GFNIKDTY,IYPTNGYT,ARWYGGYYHHDY,8.57,1,12,8.067019178076801,0,-1
GFNIKDTY,IYPTNGYT,ARYGYGYYVMDY,8.65,1,12,8.062983892535186,0,-1
GFNIKDTY,IYPTNGYT,ARWYYYGAYYFDY,8.68,1,13,8.061480274823507,1,7
GFNIKDTY,IYPTNGYT,TRYGSFHYYYFDV,8.73,1,13,8.05898575629443,1,9
GFNIKDTY,IYPTNGYT,ARYGYYYYFMDY,8.75,1,12,8.057991946977687,0,-1
GFNIKDTY,IYPTNGYT,TRYGDYNYSLDY,8.77,1,12,8.057000406633959,0,-1
GFNIKDTY,IYPTNGYT,ARWGGYGYYYMDV,8.78,1,13,8.056505484093897,1,5
GFNIKDTY,IYPTNGYT,ARWGYNYFAMDY,8.78,1,12,8.056505484093897,0,-1
GFNIKDTY,IYPTNGYT,TRFIDNGPYYFDY,8.92,1,13,8.049635145623878,1,8
GFNIKDTY,IYPTNGYT,ARYYYGLYYFDY,8.96,1,12,8.047691990337874,0,-1
GFNIKDTY,IYPTNGYT,TRWGDYGYVMDY,8.99,1,12,8.046240308266771,0,-1
GFNIKDTY,IYPTNGYT,ARYLSAVYYYMDH,9.08,1,13,8.041914151478915,1,9
GFNIKDTY,IYPTNGYT,ARYGGGYYYYDY,9.11,1,12,8.040481623027002,0,-1
GFNIKDTY,IYPTNGYT,TRWRGGYYAMDY,9.13,1,12,8.039529222465701,0,-1
GFNIKDTY,IYPTNGYT,TRYASGYFYAFDY,9.14,1,13,8.03905380426617,1,7
GFNIKDTY,IYPTNGYT,TRYLSYSYAWY,9.15,1,11,8.038578905933552,0,-1
GFNIKDTY,IYPTNGYT,APYGPGYWYGV,9.15,1,11,8.038578905933552,0,-1
GFNIKDTY,IYPTNGYT,TLWGLPMMYVYFF,9.2,1,13,8.036212172654444,1,10
GFNIKDTY,IYPTNGYT,ARWLYYGLYYFDV,9.22,1,13,8.03526907894637,1,8
GFNIKDTY,IYPTNGYT,ARWGEFGPYYFDY,9.24,1,13,8.034328028779893,1,6
GFNIKDTY,IYPTNGYT,ARWTERGFYSFDI,9.28,1,13,8.032452023781138,1,7
GFNIKDTY,IYPTNGYT,ARYDYGYYIYVS,9.49,1,12,8.022733787572708,0,-1
GFNIKDTY,IYPTNGYT,ARWGGDFYAMDY,9.49,1,12,8.022733787572708,0,-1
GFNIKDTY,IYPTNGYT,ARYGYGYGWYYFDY,9.52,1,14,8.021363051615525,0,-1
GFNIKDTY,IYPTNGYT,ARWGYYGYYYFDV,9.56,1,13,8.0195421077239,1,7
GFNIKDTY,IYPTNGYT,ARYGYAPGFYYMDV,9.72,1,14,8.012333735073724,0,-1
GFNIKDTY,IYPTNGYT,TRWGGYYYFDY,9.79,1,11,8.009217308196861,0,-1
GFNIKDTY,IYPTNGYT,ARYYGYGGYYMDY,9.91,1,13,8.003926345514724,1,6
GFNIKDTY,IYPTNGYT,AKFAYYGPYHFDP,10.12,1,13,7.99481948749622,1,10
GFNIKDTY,IYPTNGYT,ARYGYYLYAMDY,10.12,1,12,7.99481948749622,0,-1
GFNIKDTY,IYPTNGYT,ARWYGYGYYFMDV,10.16,1,13,7.9931062920521,1,6
GFNIKDTY,IYPTNGYT,ARYYWGNYAFVY,10.2,1,12,7.991399828238082,0,-1
GFNIKDTY,IYPTNGYT,ARYGYYSYAMDY,10.2,1,12,7.991399828238082,0,-1
GFNIKDTY,IYPTNGYT,VRYGYDYYWFDY,10.42,1,12,7.9821322810364945,0,-1
GFNIKDTY,IYPTNGYT,ARYGLGYYYMDY,10.49,1,12,7.979224511806442,0,-1
GFNIKDTY,IYPTNGYT,ARFGNSGYQFDY,10.5,1,12,7.978810700930062,0,-1
GFNIKDTY,IYPTNGYT,ARWGGGGYYFMDY,10.5,1,13,7.978810700930062,1,4
GFNIKDTY,IYPTNGYT,AIYSDGAYFYGR,10.58,1,12,7.975514332300833,0,-1
GFNIKDTY,IYPTNGYT,ARWYGFGGYYFDY,10.69,1,13,7.971022294791222,1,6
GFNIKDTY,IYPTNGYT,VRYGYGYYAMDY,10.71,1,12,7.970210529168145,0,-1
GFNIKDTY,IYPTNGYT,ARWLGSGYYWFDY,10.9,1,13,7.962573502059376,1,6
GFNIKDTY,IYPTNGYT,ARYTFGAYYYSD,10.94,1,12,7.960982678002588,0,-1
GFNIKDTY,IYPTNGYT,ARWYYYGRYYFDY,11.0,1,13,7.958607314841775,1,7
GFNIKDTY,IYPTNGYT,ATWYGGNYHMYP,11.16,1,12,7.95233580539844,0,-1
GFNIKDTY,IYPTNGYT,ARYFGGSYAYVY,11.2,1,12,7.950781977329818,0,-1
GFNIKDTY,IYPTNGYT,ARWYGYYYYFDV,11.24,1,12,7.949233688766958,0,-1
GFNIKDTY,IYPTNGYT,TPYDVLGSYYFRV,11.3,1,13,7.94692155651658,1,11
GFNIKDTY,IYPTNGYT,TRWGGYGYYAMDY,11.31,1,13,7.946537395074545,1,3
GFNIKDTY,IYPTNGYT,TRFLIGSYYYDY,11.63,1,12,7.9344202852715515,0,-1
GFNIKDTY,IYPTNGYT,SRYYAGGWYYFDY,11.75,1,13,7.9299621333922445,1,7
GFNIKDTY,IYPTNGYT,ARWYGGGYYYMDY,11.84,1,13,7.926648297613099,1,5
GFNIKDTY,IYPTNGYT,ARWSSGYYYMDY,12.0,1,12,7.920818753952375,0,-1
GFNIKDTY,IYPTNGYT,TRYGGYGYYYMDY,12.0,1,13,7.920818753952375,1,5
GFNIKDTY,IYPTNGYT,TRYRGPYYYYFDP,12.07,1,13,7.91829272990265,1,9
GFNIKDTY,IYPTNGYT,VRWGVGAYYNFDY,12.1,1,13,7.91721462968355,1,7
GFNIKDTY,IYPTNGYT,TRYDYDYYYYFDY,12.21,1,13,7.913284336055117,1,8
GFNIKDTY,IYPTNGYT,ARYGYGYYYMDY,12.22,1,12,7.912928794093465,0,-1
GFNIKDTY,IYPTNGYT,ARWYYYGGYYFDV,12.49,1,13,7.903437561625864,1,8
GFNIKDTY,IYPTNGYT,TRYSGYYYYFDY,12.49,1,12,7.903437561625864,0,-1
GFNIKDTY,IYPTNGYT,TRYGGYFYAMDY,12.55,1,12,7.901356274182943,0,-1
GFNIKDTY,IYPTNGYT,STYARDYYHFGS,12.59,1,12,7.899974269892137,0,-1
GFNIKDTY,IYPTNGYT,ARWFYDYYYMDY,12.6,1,12,7.8996294548824375,0,-1
GFNIKDTY,IYPTNGYT,ALYGNYSYGFAR,12.6,1,12,7.8996294548824375,0,-1
GFNIKDTY,IYPTNGYT,ARWRYGYYYYMDY,12.77,1,13,7.893809102736585,1,7
GFNIKDTY,IYPTNGYT,ARWGGYYYYFDY,12.8,1,12,7.892790030352131,0,-1
GFNIKDTY,IYPTNGYT,TRWAFDGVYYMDY,12.84,1,13,7.891434976267165,1,5
GFNIKDTY,IYPTNGYT,TRYYYGLYYYMDV,12.94,1,13,7.888065723667318,1,9
GFNIKDTY,IYPTNGYT,ARFGSYYYYFDY,13.0,1,12,7.886056647693163,0,-1
GFNIKDTY,IYPTNGYT,ARWGGYYYYFDV,13.0,1,12,7.886056647693163,0,-1
GFNIKDTY,IYPTNGYT,ARWRGDGGYYFDY,13.1,1,13,7.882728704344236,1,5
GFNIKDTY,IYPTNGYT,VRYGFDGSYYFDP,13.16,1,13,7.8807441107220635,1,7
GFNIKDTY,IYPTNGYT,ARYVGLGGYPLGY,13.21,1,13,7.879097182385473,1,8
GFNIKDTY,IYPTNGYT,ARYGGGYYYMDY,13.3,1,12,7.876148359032914,0,-1
GFNIKDTY,IYPTNGYT,ARWYYYGYYAMDV,13.33,1,13,7.875169850586141,1,6
GFNIKDTY,IYPTNGYT,ARWGYYGNYYFDY,13.4,1,13,7.872895201635193,1,6
GFNIKDTY,IYPTNGYT,ARSYYGFYAMDY,13.4,1,12,7.872895201635193,0,-1
GFNIKDTY,IYPTNGYT,VRWGGYGYYAMDY,13.48,1,13,7.870310107800699,1,3
GFNIKDTY,IYPTNGYT,ARYGSYNYYFGD,13.57,1,12,7.867420152340263,0,-1
GFNIKDTY,IYPTNGYT,ARWRGYGSYAMDV,13.6,1,13,7.866461091629782,1,5
GFNIKDTY,IYPTNGYT,ARWWYGGYYFFDY,13.7,1,13,7.863279432843593,1,7
GFNIKDTY,IYPTNGYT,ARWQGGYYYWDF,13.8,1,12,7.860120913598763,0,-1
GFNIKDTY,IYPTNGYT,ARWYYDYYYMDY,13.88,1,12,7.8576105338811635,0,-1
GFNIKDTY,IYPTNGYT,ARYGSSYYYYFDY,13.9,1,13,7.856985199745905,1,8
GFNIKDTY,IYPTNGYT,TRYGLTFDMDY,13.9,1,11,7.856985199745905,0,-1
GFNIKDTY,IYPTNGYT,ARHFGVASYSFDY,13.92,1,13,7.856360764725457,1,8
GFNIKDTY,IYPTNGYT,ARYGGYGGYYFDY,14.0,1,13,7.853871964321762,1,6
GFNIKDTY,IYPTNGYT,AKYGATGWYYFDY,14.12,1,13,7.850165303284215,1,8
GFNIKDTY,IYPTNGYT,ARYGYYGPYYFDY,14.3,1,13,7.844663962534938,1,7
GFNIKDTY,IYPTNGYT,ARYGGGYNMDY,14.32,1,11,7.844056982028163,0,-1
GFNIKDTY,IYPTNGYT,TRYGYGGPYWFDY,14.34,1,13,7.843450848668219,1,7
GFNIKDTY,IYPTNGYT,ARYGSYFYAMDY,14.4,1,12,7.841637507904751,0,-1
GFNIKDTY,IYPTNGYT,ARYRGVWYYDFDN,14.5,1,13,7.838631997765025,1,9
GFNIKDTY,IYPTNGYT,ARGLEDYYYMDY,14.5,1,12,7.838631997765025,0,-1
GFNIKDTY,IYPTNGYT,ARYGWGYYYFDY,14.65,1,12,7.834162375309872,0,-1
GFNIKDTY,IYPTNGYT,ARYLQLGPYYFDY,14.7,1,13,7.8326826652518236,1,8
GFNIKDTY,IYPTNGYT,ARWYYGYYYWFDV,14.9,1,13,7.826813731587726,1,9
GFNIKDTY,IYPTNGYT,TRYGSIYDFDY,14.9,1,11,7.826813731587726,0,-1
GFNIKDTY,IYPTNGYT,ARWWGGGAYYFDY,14.9,1,13,7.826813731587726,1,6
GFNIKDTY,IYPTNGYT,AKYLGQEAYAYFS,14.9,1,13,7.826813731587726,1,10
GFNIKDTY,IYPTNGYT,ARYYYGYGGYYFDY,14.96,1,14,7.825068406471558,0,-1
GFNIKDTY,IYPTNGYT,ARWLYGGYYFDF,15.0,1,12,7.823908740944319,0,-1
GFNIKDTY,IYPTNGYT,ARYGYGWYYMDY,15.0,1,12,7.823908740944319,0,-1
GFNIKDTY,IYPTNGYT,ARFDPYGYYFSY,15.24,1,12,7.8170150329964185,0,-1
GFNIKDTY,IYPTNGYT,VRYGGTYYYFDY,15.4,1,12,7.8124792791635365,0,-1
GFNIKDTY,IYPTNGYT,ARWDSGGPYYFDS,15.4,1,13,7.8124792791635365,1,8
GFNIKDTY,IYPTNGYT,AKYGDDNYGFSH,15.43,1,12,7.811634073936852,0,-1
GFNIKDTY,IYPTNGYT,ATYGYGYYYFDY,15.49,1,12,7.809948582240794,0,-1
GFNIKDTY,IYPTNGYT,ARYGLYYYYFDY,15.51,1,12,7.809388202186395,0,-1
GFNIKDTY,IYPTNGYT,TRWDGYYYVMDY,15.57,1,12,7.80771138743188,0,-1
GFNIKDTY,IYPTNGYT,TRWWLAYDFDY,15.57,1,11,7.80771138743188,0,-1
GFNIKDTY,IYPTNGYT,ARYGSRYYYYFDY,15.7,1,13,7.804100347590766,1,8
GFNIKDTY,IYPTNGYT,ARYGLGYYYFDY,15.7,1,12,7.804100347590766,0,-1
GFNIKDTY,IYPTNGYT,ARYGSGYYYYFDY,15.7,1,13,7.804100347590766,1,8
GFNIKDTY,IYPTNGYT,ARWLAGYNYYFDV,15.74,1,13,7.802995271976954,1,9
GFNIKDTY,IYPTNGYT,ARYTYFGSFDFDY,15.76,1,13,7.802443786846464,1,9
GFNIKDTY,IYPTNGYT,ARWLRALGYYMDY,15.85,1,13,7.79997073344623,1,7
GFNIKDTY,IYPTNGYT,SRWYYDYYAMDY,15.99,1,12,7.796151536253765,0,-1
GFNIKDTY,IYPTNGYT,VRWYGYGYYYMDY,16.01,1,13,7.7956086680807,1,5
GFNIKDTY,IYPTNGYT,TPYATDYYHFAS,16.05,1,12,7.794524963259109,0,-1
GFNIKDTY,IYPTNGYT,ARWYYGYAYYMDY,16.17,1,13,7.791289980093599,1,7
GFNIKDTY,IYPTNGYT,TTFYYASFAYYP,16.21,1,12,7.790216985151485,0,-1
GFNIKDTY,IYPTNGYT,ARYGGYYYYMDY,16.3,1,12,7.787812395596042,0,-1
GFNIKDTY,IYPTNGYT,ARYWGLGGYYFDH,16.48,1,13,7.783042792638903,1,8
GFNIKDTY,IYPTNGYT,VRYGFYGYYYFDY,16.5,1,13,7.782516055786093,1,7
GFNIKDTY,IYPTNGYT,ARYYYYGYYFAY,16.6,1,12,7.779891911959945,0,-1
GFNIKDTY,IYPTNGYT,AKYGRSNYGFEH,16.75,1,12,7.775985188627136,0,-1
GFNIKDTY,IYPTNGYT,ARWLAFGYYAMDY,16.77,1,13,7.775466937393914,1,5
GFNIKDTY,IYPTNGYT,AKYINAYSYAFFD,16.95,1,13,7.770830297460899,1,11
GFNIKDTY,IYPTNGYT,ATYSPGAYYYGP,17.25,1,12,7.763210900590707,0,-1
GFNIKDTY,IYPTNGYT,ARYSGYGLYPYAY,17.41,1,13,7.759201228882668,1,8
GFNIKDTY,IYPTNGYT,AKYAYYGDFWGSV,17.47,1,13,7.757707095017069,1,12
GFNIKDTY,IYPTNGYT,ARWYVSYDYDV,17.6,1,11,7.7544873321858505,0,-1
GFNIKDTY,IYPTNGYT,AAHSDYYYYLVF,17.79,1,12,7.749824051916075,0,-1
GFNIKDTY,IYPTNGYT,ARYPGYYYYFDY,17.86,1,12,7.748118545447472,0,-1
GFNIKDTY,IYPTNGYT,ARYGYGYYFFDY,17.9,1,12,7.747146969020107,0,-1
GFNIKDTY,IYPTNGYT,TRYGAPYFYFDY,17.97,1,12,7.745451922891026,0,-1
GFNIKDTY,IYPTNGYT,SGNGGGFYSIPY,18.25,1,12,7.738737131207507,0,-1
GFNIKDTY,IYPTNGYT,TRYEYQDYYHFDY,18.46,1,13,7.733768303310106,1,9
GFNIKDTY,IYPSNGYT,ARYGGSYAYYFYY,18.6,1,13,7.730487055782084,1,8
GFNIKDTY,IYPTNGYT,ARYGAYFYAMDA,18.61,1,12,7.730253626869233,0,-1
GFNIKDTY,IYPTNGYT,ARWYGQVFYAMDY,18.64,1,13,7.729554091982037,1,4
GFNIKDTY,IYPTNGYT,AKYGSNYYYLGS,18.74,1,12,7.727230413448241,0,-1
GFNIKDTY,IYPTNGYT,ARYYGVGPYSMDV,19.0,1,13,7.721246399047171,1,7
GFNIKDTY,IYPTNGYT,TRNSFGFYAMDY,19.0,1,12,7.721246399047171,0,-1
GFNIKDTY,IYPTNGYT,ARWYGGYYMYDY,19.06,1,12,7.7198771036976925,0,-1
GFNIKDTY,IYPTNGYT,ARWGYGGYYYFDY,19.1,1,13,7.718966632752273,1,6
GFNIKDTY,IYPTNGYT,AKYSFGGYYYGD,19.13,1,12,7.718285029972704,0,-1
GFNIKDTY,IYPTNGYT,ASYGLDGYYYFDV,19.29,1,13,7.7146677723561154,1,8
GFNIKDTY,IYPTNGYT,ARWNYYGYYYFDY,19.38,1,13,7.712646227285253,1,7
GFNIKDTY,IYPTNGYT,ARWGYDYYYAMDY,19.4,1,13,7.7121982700697735,1,4
GFNIKDTY,IYPTNGYT,ARYYSYGQYAFDP,19.42,1,13,7.711750774428014,1,8
GFNIKDTY,IYPTNGYT,ARYGGGGRYYFDY,19.6,1,13,7.707743928643524,1,6
GFNIKDTY,IYPTNGYT,ARYWYGGYYYFDY,19.66,1,13,7.706416486503883,1,8
GFNIKDTY,IYPTNGYT,TRWLYYSAYYFDF,19.75,1,13,7.704432900037521,1,9
GFNIKDTY,IYPTNGYT,ARYAHYGPYYFDF,19.8,1,13,7.703334809738469,1,9
GFNIKDTY,IYPTNGYT,AAYTNTFYYLVY,19.84,1,12,7.70245833218184,0,-1
GFNIKDTY,IYPTNGYT,VRYGSDVYYYFDI,19.87,1,13,7.701802132890185,1,8
GFNIKDTY,IYPTNGYT,ARWLTGLSYNWDY,20.01,1,13,7.698752911363789,1,8
GFNIKDTY,IYPTNGYT,VRYYYGHYAMDY,20.04,1,12,7.698102282804792,0,-1
GFNIKDTY,IYPTNGYT,ARWYYGGYYAMDY,20.1,1,13,7.696803942579511,1,5
GFNIKDTY,IYPTNGYT,ARYYGYGYYYFHY,20.18,1,13,7.695078838099108,1,8
GFNIKDTY,IYPTNGYT,ARWGYGLYFFDY,20.28,1,12,7.692932049338702,0,-1
GFNIKDTY,IYPTNGYT,ARYGVVRYDFAY,20.47,1,12,7.688882157337495,0,-1
GFNIKDTY,IYPTNGYT,ARWGSIGYYAFDH,20.5,1,13,7.688246138944246,1,6
GFNIKDTY,IYPTNGYT,ALYNYYYYAFGF,20.56,1,12,7.686976889676762,0,-1
GFNIKDTY,IYPTNGYT,ARWGGYGGYYFDY,20.59,1,13,7.686343653381969,1,5
GFNIKDTY,IYPTNGYT,ARYYYGWYAMDY,20.6,1,12,7.686132779630847,0,-1
GFNIKDTY,IYPTNGYT,ARYGNYYYYYFDY,21.0,1,13,7.6777807052660805,1,8
GFNIKDTY,IYPTNGYT,ARWGYGYSYYFDV,21.1,1,13,7.675717544702307,1,8
GFNIKDTY,IYPTNGYT,ARYTSVGIYAFNY,21.5,1,13,7.667561540084395,1,8
GFNIKDTY,IYPTNGYT,ARYSYYGYMMDY,21.61,1,12,7.665345233116759,0,-1
GFNIKDTY,IYPTNGYT,ARYWMGVYEFDY,21.67,1,12,7.664141088680182,0,-1
GFNIKDTY,IYPTNGYT,ARWEDYYYMDY,21.82,1,11,7.6611452537476765,0,-1
GFNIKDTY,IYPTNGYT,VRYGGDYYYFDY,21.87,1,12,7.660151216962363,0,-1
GFNIKDTY,IYPTNGYT,ARWPYGYYYYMDY,21.88,1,13,7.659952682338607,1,7
GFNIKDTY,IYPTNGYT,TRFMSGLYFFDY,21.89,1,12,7.659754238432068,0,-1
GFNIKDTY,IYPTNGYT,ARYGYGYFYMDY,21.9,1,12,7.6595558851598815,0,-1
GFNIKDTY,IYPTNGYT,TRWNYDGAYFFDY,21.93,1,13,7.658961368322477,1,6
GFNIKDTY,IYPTNGYT,ARYRGRGFYSFDY,21.96,1,13,7.658367664221946,1,6
GFNIKDTY,IYPTNGYT,ARWYWYGAYYFDY,22.0,1,13,7.657577319177793,1,7
GFNIKDTY,IYPTNGYT,ARWGYYGYYWFDY,22.15,1,13,7.654626269440912,1,6
GFNIKDTY,IYPTNGYT,TRYGYYGYYFDY,22.16,1,12,7.654430243943608,0,-1
GFNIKDTY,IYPTNGYT,ARYGYDGYYFAY,22.2,1,12,7.653647025549361,0,-1
GFNIKDTY,IYPTNGYT,ARYPSVVYAFGI,22.27,1,12,7.6522797829659615,0,-1
GFNIKDTY,IYPTNGYT,ARYYYGSYAMDV,22.29,1,12,7.651889931519762,0,-1
GFNIKDTY,IYPTNGYT,ARYGGGFYAMDY,22.36,1,12,7.650528200785614,0,-1
GFNIKDTY,IYPTNGYT,TRYAGRVGGYFFDY,22.45,1,14,7.648783654660658,0,-1
GFNIKDTY,IYPTNGYT,ATWHYGGYFMSG,22.45,1,12,7.648783654660658,0,-1
GFNIKDTY,IYPTNGYT,ARWGYYYYAMDY,22.58,1,12,7.646276062411051,0,-1
GFNIKDTY,IYPTNGYT,ARHYYYGYYYFDV,22.6,1,13,7.645891560852599,1,9
GFNIKDTY,IYPTNGYT,ATYSTYYNYAFGI,22.6,1,13,7.645891560852599,1,11
GFNIKDTY,IYPTNGYT,TRYLHDYYYYFDY,22.7,1,13,7.6439741428068775,1,8
GFNIKDTY,IYPTNGYT,AVSADIMYGVSV,22.87,1,12,7.6407338353932515,0,-1
GFNIKDTY,IYPTNGYT,VRYFYDGNYYFDL,22.93,1,13,7.639595945270061,1,8
GFNIKDTY,IYPTNGYT,ARFDGPFYYAFAY,22.96,1,13,7.639028116274064,1,8
GFNIKDTY,IYPTNGYT,ARYRGYVLYDFAY,23.07,1,13,7.636952405478906,1,9
GFNIKDTY,IYPTNGYT,ARENDGSPGSFEY,23.14,1,13,7.6356366453842694,1,11
GFNIKDTY,IYPTNGYT,AVTDLDGLHSYRY,23.3,1,13,7.632644078973981,1,10
GFNIKDTY,IYPTNGYT,ARYGYYGYYMDY,23.3,1,12,7.632644078973981,0,-1
GFNIKDTY,IYPTNGYT,ARYGGGYWYFDY,23.4,1,12,7.6307841425898575,0,-1
GFNIKDTY,IYPTNGYT,ARYPPGYYIMDF,23.53,1,12,7.6283780728239785,0,-1
GFNIKDTY,IYPTNGYT,ARFGGYYYYFDY,23.54,1,12,7.628193541492584,0,-1
GFNIKDTY,IYPTNGYT,TRYYDGAGPYYMDY,23.65,1,14,7.62616885492617,0,-1
GFNIKDTY,IYPTNGYT,TRYYYGSGYFFDY,23.87,1,13,7.6221475809932455,1,9
GFNIKDTY,IYPTNGYT,ARYGTIYFHFDY,23.89,1,12,7.6217838502501225,0,-1
GFNIKDTY,IYPTNGYT,ARWYGYGYYAMDV,23.93,1,13,7.621057301386562,1,5
GFNIKDTY,IYPTNGYT,ARWGYGGYYYFDV,23.98,1,13,7.6201508212371705,1,7
GFNIKDTY,IYPTNGYT,TRYYYGSYYFDY,24.03,1,12,7.6192462291961,0,-1
GFNIKDTY,IYPTNGYT,VTYGTTYYHFGS,24.08,1,12,7.618343517414213,0,-1
GFNIKDTY,IYPTNGYT,ARYDPYGFYHLDY,24.24,1,13,7.6154673845057514,1,7
GFNIKDTY,IYPTNGYT,ARWGGNYYYFDY,24.5,1,12,7.610833915635467,0,-1
GFNIKDTY,IYPTNGYT,VRYGYGDYYYFDY,25.08,1,13,7.6006724678413216,1,8
GFNIKDTY,IYPTNGYT,TRWGYDYWYFFDY,25.17,1,13,7.599116784451637,1,6
GFNIKDTY,IYPTNGYT,ARWGYGYYYFDY,25.2,1,12,7.598599459218456,0,-1
GFNIKDTY,IYPTNGYT,AKYGGVGYYAMDY,25.2,1,13,7.598599459218456,1,5
GFNIKDTY,IYPTNGYT,TRYGGGYYAMDY,25.29,1,12,7.597051170655595,0,-1
GFNIKDTY,IYPTNGYT,ARYSAYGLYDFAY,25.5,1,13,7.5934598195660445,1,9
GFNIKDTY,IYPTNGYT,ALPDYGHDAATG,25.6,1,12,7.59176003468815,0,-1
GFNIKDTY,IYPTNGYT,ARWWGGGYYYFDY,25.71,1,13,7.58989792335714,1,6
GFNIKDTY,IYPTNGYT,ARYLTAYQYFFYY,25.9,1,13,7.586700235918748,1,10
GFNIKDTY,IYPTNGYT,ARWYGYGYYFDV,25.95,1,12,7.585862637815524,0,-1
GFNIKDTY,IYPTNGYT,ARWGGDGSYYFDY,26.06,1,13,7.584025588623434,1,4
GFNIKDTY,IYPTNGYT,VRYYGYWYYFDY,26.13,1,12,7.5828605902726745,0,-1
GFNIKDTY,IYPTNGYT,ARYGGRGYYSFDY,26.24,1,13,7.581036169296377,1,6
GFNIKDTY,IYPTNGYT,ARYGTGNYAMDY,26.3,1,12,7.580044251510242,0,-1
GFNIKDTY,IYPTNGYT,ARWGGGGYYFFDY,26.3,1,13,7.580044251510242,1,5
GFNIKDTY,IYPTNGYT,ARWGYDYYYFAY,26.5,1,12,7.576754126063192,0,-1
GFNIKDTY,IYPTNGYT,ARWGYDYYYYFDV,26.7,1,13,7.573488738635425,1,7
GFNIKDTY,IYPTNGYT,ARYGYHGGGYFYAY,26.77,1,14,7.572351628813068,0,-1
GFNIKDTY,IYPTNGYT,ARYGRGYYYFDY,26.8,1,12,7.5718652059712115,0,-1
GFNIKDTY,IYPTNGYT,VRYGNSYYYDY,26.88,1,11,7.570570735618213,0,-1
GFNIKDTY,IYPTNGYT,VRFYYDYYFDY,26.9,1,11,7.570247719997592,0,-1
GFNIKDTY,IYPTNGYT,ARYDIGYYDMDK,26.97,1,12,7.569119053547109,0,-1
GFNIKDTY,IYPTNGYT,AATYGGLGDMSSI,27.0,1,13,7.568636235841013,1,12
GFNIKDTY,IYPTNGYT,ARYGVYPFYYFDY,27.0,1,13,7.568636235841013,1,7
GFNIKDTY,IYPTNGYT,SIWERTGQYSYTS,27.1,1,13,7.567030709125595,1,9
GFNIKDTY,IYPTNGYT,ARNYVYWYGMTV,27.51,1,12,7.560509409610316,0,-1
GFNIKDTY,IYPTNGYT,AKYGTSNYGFSH,27.6,1,12,7.559090917934782,0,-1
GFNIKDTY,IYPTNGYT,ARWERYGYYVLDV,27.9,1,13,7.554395796726403,1,8
GFNIKDTY,IYPTNGYT,ARWGYGGYYFFDY,27.9,1,13,7.554395796726403,1,6
GFNIKDTY,IYPTNGYT,ARYGAYSSYYFGY,27.97,1,13,7.553307533628472,1,9
GFNIKDTY,IYPTNGYT,ARYFGGSYAYGR,27.99,1,12,7.552997101533838,0,-1
GFNIKDTY,IYPTNGYT,ARWLYYGYYFDY,28.04,1,12,7.552221990705379,0,-1
GFNIKDTY,IYPTNGYT,ARWGYGWSYYFDY,28.3,1,13,7.548213564475709,1,7
GFNIKDTY,IYPTNGYT,SRWRGSNYYFDY,28.77,1,12,7.541060138109674,0,-1
GFNIKDTY,IYPTNGYT,ARYLSYSYAWNY,28.92,1,12,7.5388017113775065,0,-1
GFNIKDTY,IYPTNGYT,ARWRDGGYYYFDY,29.2,1,13,7.534617148551582,1,7
GFNIKDTY,IYPTNGYT,TRYYGDGYYDFDY,29.24,1,13,7.534022631714177,1,6
GFNIKDTY,IYPTNGYT,ARYFYDHYYYFDV,29.72,1,13,7.5269511949114625,1,9
GFNIKDTY,IYPTNGYT,ARYYDDTIYSFY,29.85,1,12,7.525055664534612,0,-1
GFNIKDTY,IYPTNGYT,ARYYYDYGYYFDV,30.0,1,13,7.522878745280337,1,9
GFNIKDTY,IYPTNGYT,TLWFWDTGRFDFEY,30.0,1,14,7.522878745280337,0,-1
GFNIKDTY,IYPTNGYT,ARGYYYYFYYNY,30.31,1,12,7.5184140636323775,0,-1
GFNIKDTY,IYPTNGYT,ARWGSYGYYYFDY,30.9,1,13,7.510041520575165,1,6
GFNIKDTY,IYPTNGYT,ARYYYGVYYYFDY,30.9,1,13,7.510041520575165,1,9
GFNIKDTY,IYPTNGYT,ARHYDYGRYYMDV,30.94,1,13,7.509479690636651,1,8
GFNIKDTY,IYPTNGYT,ARWGGFGYYYFDY,31.0,1,13,7.508638306165727,1,5
GFNIKDTY,IYPTNGYT,SRWGGVGKYAMDY,31.2,1,13,7.505845405981558,1,2
GFNIKDTY,IYPTNGYT,ARYGGGYYYYFDV,31.4,1,13,7.503070351926785,1,8
GFNIKDTY,IYPTNGYT,ARWYYGSYYYFDV,32.0,1,13,7.494850021680094,1,9
GFNIKDTY,IYPTNGYT,VRYGRDYYWFGP,32.21,1,12,7.492009275180308,0,-1
GFNIKDTY,IYPTNGYT,TRTTLGFYAMDY,32.3,1,12,7.490797477668897,0,-1
GFNIKDTY,IYPTNGYT,ARYGGAGYYLDY,32.39,1,12,7.489589051989823,0,-1
GFNIKDTY,IYPTNGYT,ARWGGYGYYYFDV,32.49,1,13,7.488250288655017,1,6
GFNIKDTY,IYPTNGYT,ARWYYGGAYYFDF,32.81,1,13,7.483993769613952,1,8
GFNIKDTY,IYPTNGYT,ARWGSEAFYWFDY,32.84,1,13,7.483596851552597,1,6
GFNIKDTY,IYPTNGYT,TRFPYGSYYFDY,33.0,1,12,7.481486060122112,0,-1
GFNIKDTY,IYPTNGYT,APWWSGWYYFFDT,33.0,1,13,7.481486060122112,1,10
GFNIKDTY,IYPTNGYT,TRYYDGYYAMDY,33.1,1,12,7.480172006224281,0,-1
GFNIKDTY,IYPTNGYT,ARYPNYGFYMFDY,33.31,1,13,7.477425367308824,1,7
GFNIKDTY,IYPTNGYT,ARGYYYYQWYYY,33.57,1,12,7.474048658751988,0,-1
GFNIKDTY,IYPTNGYT,ARWRDYYYYFDY,33.8,1,12,7.471083299722345,0,-1
GFNIKDTY,IYPTNGYT,ARWVSGARYYMDV,33.8,1,13,7.471083299722345,1,8
GFNIKDTY,IYPTNGYT,AAYGPQGYAFAV,33.82,1,12,7.470826396738277,0,-1
GFNIKDTY,IYPTNGYT,ARWYGYDYFMDY,34.25,1,12,7.465339424171556,0,-1
GFNIKDTY,IYPTNGYT,ARYYGGLYYFDY,34.38,1,12,7.463694127648966,0,-1
GFNIKDTY,IYPTNGYT,ARFGGAGGYYFDY,35.04,1,13,7.4554359025039565,1,6
GFNIKDTY,IYPTNGYT,ARYLSYSYAWFY,35.08,1,12,7.454940415305997,0,-1
GFNIKDTY,IYPTNGYT,AGYWYGSYSFDY,35.36,1,12,7.451487743658965,0,-1
GFNIKDTY,IYPTNGYT,TRYRGAHGYYFDY,35.47,1,13,7.450138811528057,1,8
GFNIKDTY,IYPTNGYT,TTYDSGYYIYGT,35.5,1,12,7.449771646944906,0,-1
GFNIKDTY,IYPTNGYT,ARWYYGGSYYFDY,35.77,1,13,7.44648105985103,1,7
GFNIKDTY,IYPTNGYT,ARYGDADFYAFDP,35.82,1,13,7.445874418486987,1,7
GFNIKDTY,IYPTNGYT,ARYIFGGPYYFDY,36.04,1,13,7.443215217692974,1,8
GFNIKDTY,IYPTNGYT,ASYYDYYYAFGT,36.08,1,12,7.442733471130095,0,-1
GFNIKDTY,IYPTNGYT,SRWEGDGKYAMDY,36.13,1,13,7.442132038431978,1,2
GFNIKDTY,IYPTNGYT,ARFPVSSYAYGF,36.2,1,12,7.441291429466834,0,-1
GFNIKDTY,IYPTNGYT,ARYGDYGYYYFDY,36.22,1,13,7.441051554021961,1,7
GFNIKDTY,IYPTNGYT,VRYPEVYGYYFDY,36.28,1,13,7.440332721611942,1,9
GFNIKDTY,IYPTNGYT,ANVGSSLGIAALD,36.72,1,13,7.435097327470795,1,11
GFNIKDTY,IYPTNGYT,SYPDFGYYVYFAY,36.76,1,13,7.434624497285927,1,11
GFNIKDTY,IYPTNGYT,AKYAFGGWSYSP,37.7,1,12,7.423658649794207,0,-1
GFNIKDTY,IYPTNGYT,ARASWYWYGGDK,37.78,1,12,7.422738046414185,0,-1
GFNIKDTY,IYPTNGYT,AKYTRGFSYGFGY,37.82,1,13,7.422278475490979,1,11
GFNIKDTY,IYPTNGYT,ARWGGSGYYAMDY,37.83,1,13,7.422163658707256,1,3
GFNIKDTY,IYPTNGYT,ARWGYGYYYSFDY,37.95,1,13,7.420788219768501,1,7
GFNIKDTY,IYPTNGYT,ARYGRNGSYSYDY,38.2,1,13,7.4179366370882915,1,7
GFNIKDTY,IYPTNGYT,AKFERGYYSFDFG,38.28,1,13,7.417028070895194,1,13
GFNIKDTY,IYPTNGYT,ARWEGDGSYSMDY,38.66,1,13,7.412738150307466,1,4
GFNIKDTY,IYPTNGYT,SRWGVDGYYAMDY,38.77,1,13,7.41150419899279,1,2
GFNIKDTY,IYPTNGYT,ARYGYGYYYYFDY,39.1,1,13,7.407823242604133,1,8
GFNIKDTY,IYPTNGYT,ARYYYGNYAMDV,39.22,1,12,7.406492410668235,0,-1
GFNIKDTY,IYPTNGYT,ARYADYQFHFDN,39.59,1,12,7.402414498247795,0,-1
GFNIKDTY,IYPTNGYT,ARWYGYGYYLFDV,39.6,1,13,7.402304814074488,1,7
GFNIKDTY,IYPTNGYT,AASADFMYGVIR,39.62,1,12,7.402085528797472,0,-1
GFNIKDTY,IYPTNGYT,ARYYWDYFYYFDY,39.66,1,13,7.401647290130716,1,7
GFNIKDTY,IYPTNGYT,ARYPGGGIYDFDP,39.91,1,13,7.398918272215977,1,8
GFNIKDTY,IYPTNGYT,ARYGGYGYYWFDY,40.0,1,13,7.3979400086720375,1,6
GFNIKDTY,IYPTNGYT,ARWLRGLGYYWDY,40.11,1,13,7.396747338018353,1,8
GFNIKDTY,IYPTNGYT,ARYPEDFYYFDV,40.24,1,12,7.395342027952129,0,-1
GFNIKDTY,IYPTNGYT,ARYGDSYYYYFDY,40.6,1,13,7.391473966422806,1,8
GFNIKDTY,IYPTNGYT,ARYGPYYYYAMDY,41.25,1,13,7.384576047114056,1,6
GFNIKDTY,IYPTNGYT,AINLRGYWMDN,41.5,1,11,7.3819519032879075,0,-1
GFNIKDTY,IYPTNGYT,TRYDTGMYDWGT,41.53,1,12,7.381638068890122,0,-1
GFNIKDTY,IYPTNGYT,TRYYGGYGYYFDY,41.57,1,13,7.381219975493785,1,8
GFNIKDTY,IYPTNGYT,ARNYYDYYYYLDY,41.61,1,13,7.380802284207053,1,8
GFNIKDTY,IYPTNGYT,VRWGRYGVYYFDY,41.63,1,13,7.380593589113222,1,6
GFNIKDTY,IYPTNGYT,SRWVGDGSYAMDY,41.67,1,13,7.380176499542722,1,2
GFNIKDTY,IYPTNGYT,ARYYYGSGSYAMDV,42.1,1,14,7.375717904164332,0,-1
GFNIKDTY,IYPTNGYT,ARYGGYGNYWFDT,42.12,1,13,7.375511637486551,1,7
GFNIKDTY,IYPTNGYT,ARGGYGYYTWFDY,42.13,1,13,7.375408540873152,1,9
GFNIKDTY,IYPTNGYT,AGSSASGWYHYTT,42.25,1,13,7.374173286714289,1,11
GFNIKDTY,IYPTNGYT,ARYGTGTYYYFLH,42.25,1,13,7.374173286714289,1,10
GFNIKDTY,IYPTNGYT,ARWEGYGSYEFAY,42.45,1,13,7.372122305420029,1,7
GFNIKDTY,IYPTNGYT,ARYLSYSYAWDN,42.61,1,12,7.370488465799546,0,-1
GFNIKDTY,IYPTNGYT,ARYYYDFGYYFDY,42.75,1,13,7.369063880935808,1,8
GFNIKDTY,IYPTNGYT,ARFGISGYYWDV,42.78,1,12,7.368759219764491,0,-1
GFNIKDTY,IYPTNGYT,ARYGGLGGYTLAY,42.87,1,13,7.367846516489367,1,7
GFNIKDTY,IYPTNGYT,AQNWDRGSYFYTY,43.05,1,13,7.366026844210326,1,10
GFNIKDTY,IYPTNGYT,AANAAIFAAWGA,43.07,1,12,7.3658251282374,0,-1
GFNIKDTY,IYPTNGYT,TRTRSGAYFFDY,43.4,1,12,7.36251027048749,0,-1
GFNIKDTY,IYPTNGYT,ARYGARSGYAYEY,45.1,1,13,7.345823458122039,1,8
GFNIKDTY,IYPTNGYT,ARDGHYFTYDY,45.12,1,11,7.345630909024714,0,-1
GFNIKDTY,IYPTNGYT,VKYGGGYSFDY,45.12,1,11,7.345630909024714,0,-1
GFNIKDTY,IYPTNGYT,ARNYYYGAYYFDY,45.51,1,13,7.341893164493607,1,8
GFNIKDTY,IYPTNGYT,ASVDLGGFYDFRY,46.1,1,13,7.336299074610352,1,9
GFNIKDTY,IYPTNGYT,AITFYGYTIVWEY,46.1,1,13,7.336299074610352,1,12
GFNIKDTY,IYPTNGYT,ARYYGYYYAFDY,46.3,1,12,7.334419008982047,0,-1
GFNIKDTY,IYPTNGYT,ARWGGYGYYWFDY,46.69,1,13,7.330776126069194,1,5
GFNIKDTY,IYPTNGYT,ARWSGASFYAMDY,47.98,1,13,7.318939756368188,1,4
GFNIKDTY,IYPTNGYT,ARSGTQYSFDY,48.1,1,11,7.317854923626168,0,-1
GFNIKDTY,IYPTNGYT,ARWQGRSGYYMDY,48.33,1,13,7.31578320486112,1,6
GFNIKDTY,IYPTNGYT,ARWLDYFYYAMDY,48.72,1,13,7.312292720375181,1,6
GFNIKDTY,IYPTNGYT,ARMSYYFYYMDY,48.88,1,12,7.310868802765502,0,-1
GFNIKDTY,IYPTNGYT,AAWYSTYYFDY,49.4,1,11,7.306273051076353,0,-1
GFNIKDTY,IYPTNGYT,AYTGAPHGGYHYYAY,49.44,1,15,7.30592153791924,0,-1
GFNIKDTY,IYPTNGYT,ARSGGHGVNGHWRSF,49.8,1,15,7.302770657240282,0,-1
GFNIKDTY,IYPTNGYT,ARWHYDVGFYFDY,49.87,1,13,7.3021606317816365,1,8
GFNIKDTY,IYPTNGYT,ARYGVVYVMDY,49.93,1,11,7.30163843394489,0,-1
GFNIKDTY,IYPTNGYT,ARYGYDYYYYFDV,50.0,1,13,7.301029995663981,1,8
GFNIKDTY,IYPTNGYT,AKYVLVGSYGV,50.15,1,11,7.299729062643563,0,-1
GFNIKDTY,IYPTNGYT,SIYGTDYYWFAD,50.39,1,12,7.297655641644231,0,-1
GFNIKDTY,IYPTNGYT,VRWGYYGVFYAMDY,50.78,1,14,7.294307303462297,0,-1
GFNIKDTY,IYPTNGYT,ARFGPAYFYGFYY,50.85,1,13,7.293709042741237,1,8
GFNIKDTY,IYPTNGYT,ARYMRPAFYPFLY,50.86,1,13,7.29362364416031,1,9
GFNIKDTY,IYPTNGYT,ARGGYYGYWYYFDY,51.23,1,14,7.290475644123659,0,-1
GFNIKDTY,IYPTNGYT,ARYGSGYYGLDY,51.48,1,12,7.288361461767651,0,-1
GFNIKDTY,IYPTNGYT,SRWYGDYFAMDY,51.78,1,12,7.285837953901146,0,-1
GFNIKDTY,IYPTNGYT,ARWGSGNYYEFDY,52.01,1,13,7.283913146225168,1,7
GFNIKDTY,IYPTNGYT,ATNAFGLWSYGF,52.8,1,12,7.277366077466188,0,-1
GFNIKDTY,IYPTNGYT,ARWYYGSYYFDY,53.22,1,12,7.27392512978463,0,-1
GFNIKDTY,IYPTNGYT,ARYGVYGYAMDY,53.32,1,12,7.273109859258178,0,-1
GFNIKDTY,IYPTNGYT,ASYGSGSYFSFPL,53.93,1,13,7.268169579711838,1,12
GFNIKDTY,IYPTNGYT,ARYGYGAYYYFDY,54.01,1,13,7.267525822718807,1,8
GFNIKDTY,IYPTNGYT,ARYLSYSYAWDY,54.78,1,12,7.261377972082057,0,-1
GFNIKDTY,IYPTNGYT,TRYYSGHYYSFDY,56.27,1,13,7.249723084846007,1,9
GFNIKDTY,IYPTNGYT,ARHGSYYYDFDF,56.64,1,12,7.246876755318287,0,-1
GFNIKDTY,IYPTNGYT,TRYFYDFPYMDY,56.81,1,12,7.245575210722741,0,-1
GFNIKDTY,IYPTNGYT,ARYGGDYYYYYDY,56.99,1,13,7.24420134302617,1,6
GFNIKDTY,IYPTNGYT,ARYGGGYYYYYDY,57.56,1,13,7.239879214735432,1,7
GFNIKDTY,IYPTNGYT,TRYGSFGYYALDS,57.63,1,13,7.239351380418644,1,7
GFNIKDTY,IYPTNGYT,ARYGGLSYYSFDL,58.1,1,13,7.235823867609669,1,8
GFNIKDTY,IYPTNGYT,TRYYYYWYAMDY,58.63,1,12,7.231880105815202,0,-1
GFNIKDTY,IYPTNGYT,TRYFGAYWYWMDY,59.06,1,13,7.22870655737094,1,7
GFNIKDTY,IYPTNGYT,AKFHWGEDWLSDN,59.1,1,13,7.228412519118745,1,12
GFNIKDTY,IYPTNGYT,ARYGYYGYWFDY,59.39,1,12,7.226286674722978,0,-1
GFNIKDTY,IYPTNGYT,ARYLSYSFAWDY,59.91,1,12,7.2225006804096346,0,-1
GFNIKDTY,IYPTNGYT,VKHGIDYYWYGD,60.14,1,12,7.220836576235501,0,-1
GFNIKDTY,IYPTNGYT,AGSVAEGWYHYRD,60.3,1,13,7.219682687859849,1,11
GFNIKDTY,IYPTNGYT,ARYYGSSSYYFAY,60.62,1,13,7.217384067968396,1,9
GFNIKDTY,IYPTNGYT,ARSGYPGYGSFAY,60.72,1,13,7.216668237112576,1,9
GFNIKDTY,IYPTNGYT,ARYHNTGYFWGA,60.95,1,12,7.215026290045599,0,-1
GFNIKDTY,IYPTNGYT,ARYYDYGYTFDY,61.21,1,12,7.2131776205008125,0,-1
GFNIKDTY,IYPTNGYT,MKYARDYYHFGE,61.52,1,12,7.210983673206625,0,-1
GFNIKDTY,IYPTNGYT,ASYMGIVGYYPG,62.3,1,12,7.205511953340831,0,-1
GFNIKDTY,IYPTNGYT,ARTVVGWYGRFDY,63.64,1,13,7.196269829025456,1,10
GFNIKDTY,IYPTNGYT,ARNSGTGIWAFAY,65.0,1,13,7.187086643357144,1,8
GFNIKDTY,IYPTNGYT,ARWGGTYYYAMDY,65.33,1,13,7.184887341810187,1,4
GFNIKDTY,IYPTNGYT,ARYGTYGYAMDY,65.47,1,12,7.183957659078003,0,-1
GFNIKDTY,IYPTNGYT,ARWPPYYWWAFDY,65.58,1,13,7.183228587666654,1,8
GFNIKDTY,IYPTNGYT,SRTTYASHSFYY,66.01,1,12,7.180390267248415,0,-1
GFNIKDTY,IYPTNGYT,ARWGNVGYYVLDY,66.61,1,13,7.176460566343141,1,6
GFNIKDTY,IYPTNGYT,ARAGGTSISLGHG,67.0,1,13,7.173925197299173,1,10
GFNIKDTY,IYPTNGYT,ARYGDAFIMSFGV,67.4,1,13,7.17134010346468,1,11
GFNIKDTY,IYPTNGYT,APWGTYRYGYFDH,67.6,1,13,7.1700533040583645,1,10
GFNIKDTY,IYPTNGYT,ARNYYGSYAMDV,68.3,1,12,7.165579296318468,0,-1
GFNIKDTY,IYPTNGYT,ARYSYGAFYYSI,70.39,1,12,7.152489034796751,0,-1
GFNIKDTY,IYPTNGYT,AVYGPYGGFSYDS,70.7,1,13,7.150580586203101,1,10
GFNIKDTY,IYPTNGYT,ARWYYGTSYYFDV,70.95,1,13,7.149047600206507,1,9
GFNIKDTY,IYPTNGYT,VYYYEAGSYYFDG,71.04,1,13,7.148497047229456,1,10
GFNIKDTY,IYPTNGYT,ARYYVGYYAMDY,71.57,1,12,7.145268982786058,0,-1
GFNIKDTY,IYPTNGYT,AIWSMYDVGYYPF,71.77,1,13,7.144057053767684,1,12
GFNIKDTY,IYPTNGYT,ARYGLYGSYYFRY,71.8,1,13,7.1438755557577,1,8
GFNIKDTY,IYPTNGYT,ARYGGSSYYYYDY,72.34,1,13,7.140621495574399,1,7
GFNIKDTY,IYPTNGYT,ARWYSGYYYAMDY,72.84,1,13,7.137630062877117,1,6
GFNIKDTY,IYPTNGYT,ARYYGYYYYMDY,74.3,1,12,7.129011186239425,0,-1
GFNIKDTY,IYPTNGYT,ARYSYYRYYFE,74.61,1,11,7.127202960010401,0,-1
GFNIKDTY,IYPTNGYT,ARYLTDADFRLHY,75.07,1,13,7.124533584133615,1,10
GFNIKDTY,IYPTNGYT,AKYGSRSYGFAP,75.95,1,12,7.119472221801195,0,-1
GFNIKDTY,IYPTNGYT,ARNYYGYYAMDY,76.18,1,12,7.118159031675073,0,-1
GFNIKDTY,IYPTNGYT,AQWYDYGGTYLDY,76.87,1,13,7.114243118930733,1,9
GFNIKDTY,IYPTNGYT,TDYNSGSYAFSI,77.4,1,12,7.111259039317107,0,-1
GFNIKDTY,IYPTNGYT,ARYPYGYYAMDY,78.13,1,12,7.107182175690424,0,-1
GFNIKDTY,IYPTNGYT,TRWRWGYGYYFDF,78.14,1,13,7.107126593111234,1,9
GFNIKDTY,IYPTNGYT,ARYWYGSYVFDY,78.32,1,12,7.1061273212049185,0,-1
GFNIKDTY,IYPTNGYT,ARYYGGGGYYMDY,79.05,1,13,7.102098125731772,1,6
GFNIKDTY,IYPTNGYT,AADGYRGTYSF,79.19,1,11,7.10132965703447,0,-1
GFNIKDTY,IYPTNGYT,SRYGRGVYYYFDY,79.66,1,13,7.098759697926691,1,7
GFNIKDTY,IYPTNGYT,TRGYSYFYAMDY,80.03,1,12,7.096747183106041,0,-1
GFNIKDTY,IYPTNGYT,TRYSRSYYYGLDP,80.1,1,13,7.096367483915762,1,10
GFNIKDTY,IYPTNGYT,AQSGSYFYPFSY,83.2,1,12,7.079876673709276,0,-1
GFNIKDTY,IYPTNGYT,ARPSYDVGGDMLF,83.25,1,13,7.079615757821642,1,10
GFNIKDTY,IYPTNGYT,ARYVTANTYSYDP,83.55,1,13,7.07805354577059,1,10
GFNIKDTY,IYPTNGYT,ARYYYSGYYMSV,85.23,1,12,7.069407511557402,0,-1
GFNIKDTY,IYPTNGYT,ALYKRYDYAFGY,86.63,1,12,7.062331685600995,0,-1
GFNIKDTY,IYPTNGYT,ARWGTYTYGYFDY,88.13,1,13,7.05487622987788,1,8
GFNIKDTY,IYPTNGYT,ARWARGAGYYWDY,89.59,1,13,7.04774046340918,1,8
GFNIKDTY,IYPTNGYT,ARFDRYGYYLGT,90.06,1,12,7.0454680573730855,0,-1
GFNIKDTY,IYPTNGYT,ARYPSGYYYYFDY,90.13,1,13,7.045130628933522,1,9
GFNIKDTY,IYPTNGYT,ARASWNWYGGDY,92.91,1,12,7.03193753992355,0,-1
GFNIKDTY,IYPTNGYT,ATYLSYSYAWQF,94.79,1,12,7.02323747673254,0,-1
GFNIKDTY,IYPTNGYT,AFPWAGHYMER,94.98,1,11,7.022367834754,0,-1
GFNIKDTY,IYPTNGYT,ARGYYHYYHYQY,95.07,1,12,7.021956506090037,0,-1
GFNIKDTY,IYPTNGYT,VRYYRGYYYFDY,96.44,1,12,7.015742798294584,0,-1
GFNIKDTY,IYPTNGYT,ARYGGSSYYYFDY,97.17,1,13,7.012467797270161,1,7
GFNIKDTY,IYPTNGYT,ARYGDGTYYFFAH,97.3,1,13,7.011887159731648,1,10
GFNIKDTY,IYPTNGYT,ARGYSGDWPYETFYV,97.35,1,15,7.0116640441439495,0,-1
GFNIKDTY,IYPTNGYT,AKYDTAGSYHFDV,97.71,1,13,7.010060986715464,1,10
GFNIKDTY,IYPTNGYT,AFADSGAYGIWSF,98.42,1,13,7.006916639301938,1,13
GFNIKDTY,IYPTNGYT,ARYDYYGYYYFDY,98.95,1,13,7.004584201457585,1,8
GFNIKDTY,IYPTNGYT,ARFGTGYPGYYFDY,99.83,1,14,7.000738928886899,0,-1
GFNIKDTY,IYPTNGYT,ARYQAYDNSYGV,101.66,1,12,6.9928498946333155,0,-1
GFNIKDTY,IYPTNGYT,ARSYAYLYGSWDY,102.0,1,13,6.991399828238082,1,10
GFNIKDTY,IYPTNGYT,ARYHFSGYFMDA,103.01,1,12,6.98712061282871,0,-1
GFNIKDTY,IYPTNGYT,ARDGGRSYYSFYY,103.61,1,13,6.984598326297051,1,8
GFNIKDTY,IYPTNGYT,TRNVVNLYYSYDS,104.06,1,13,6.982716178439982,1,10
GFNIKDTY,IYPTNGYT,TRYDRGYYIMGE,105.71,1,12,6.975883927173229,0,-1
GFNIKDTY,IYPTNGYT,ARYYSYGGYYFDY,105.85,1,13,6.975309137644569,1,8
GFNIKDTY,IYPTNGYT,ARYGRDYYYFDV,105.96,1,12,6.974858050374807,0,-1
GFNIKDTY,IYPTNGYT,AASEGFYAATYAYGV,106.52,1,15,6.9725688422330965,0,-1
GFNIKDTY,IYPTNGYT,ARNGYYGGYAFDY,108.6,1,13,6.964170174747172,1,6
GFNIKDTY,IYPTNGYT,AKYVASGYSLA,108.95,1,11,6.962772765417726,0,-1
GFNIKDTY,IYPTNGYT,VLSRIVVSYFYDY,109.2,1,13,6.961777361631282,1,10
GFNIKDTY,IYPSNGYT,ARYYGGSMYYYGY,109.22,1,13,6.961697827800475,1,9
GFNIKDTY,IYPTNGYT,ARYYSYFDY,109.55,1,9,6.960387618103276,0,-1
GFNIKDTY,IYPTNGYT,SRIRRWGFYYFDY,110.57,1,13,6.956362690407429,1,6
GFNIKDTY,IYPTNGYT,ARGFVYAGIPFDY,112.0,1,13,6.950781977329818,1,10
GFNIKDTY,IYPTNGYT,ARYYSDYSYTFSY,112.19,1,13,6.950045851977953,1,9
GFNIKDTY,IYPTNGYT,ARYHYSGYFMDS,112.72,1,12,6.9479990198987,0,-1
GFNIKDTY,IYPTNGYT,AAYWYGVYVFRY,112.85,1,12,6.947498436586219,0,-1
GFNIKDTY,IYPTNGYT,ARSEWFWGSFAY,114.0,1,12,6.943095148663527,0,-1
GFNIKDTY,IYPTNGYT,ARSHYGYYDYYTDF,115.5,1,14,6.937418015771837,0,-1
GFNIKDTY,IYPTNGYT,TLNGPLYWMWTL,115.95,1,12,6.935729247025994,0,-1
GFNIKDTY,IYPTNGYT,ARWWYGGRNYFDI,116.13,1,13,6.935055573961383,1,9
GFNIKDTY,IYPTNGYT,ARYPDYYYAMDY,117.26,1,12,6.930850110151221,0,-1
GFNIKDTY,IYPTNGYT,ATWPHINTRIYAFDP,117.3,1,15,6.930701987884471,0,-1
GFNIKDTY,IYPTNGYT,ATGPYTVYSYPY,119.72,1,12,6.921833291831846,0,-1
GFNIKDTY,IYPTNGYT,ARYRGGYGGYVFDP,119.82,1,14,6.921470684745654,0,-1
GFNIKDTY,IYPTNGYT,TRSGELYGYFHDM,119.89,1,13,6.921217039803037,1,9
GFNIKDTY,IYPTNGYT,ARNYYGSYYFDY,119.89,1,12,6.921217039803037,0,-1
GFNIKDTY,IYPTNGYT,ARWATALGYYWDY,121.09,1,13,6.916891720805265,1,8
GFNIKDTY,IYPTNGYT,ARWGGYGWYGFDY,123.1,1,13,6.909741947068683,1,5
GFNIKDTY,IYPTNGYT,ARDGGGGFYAYDY,124.16,1,13,6.906018296085887,1,4
GFNIKDTY,IYPTNGYT,TAGGPNIYSYTW,124.22,1,12,6.905808475090468,0,-1
GFNIKDTY,IYPTNGYT,ARFSGYGAYDYAY,124.99,1,13,6.903124731940312,1,8
GFNIKDTY,IYPTNGYT,ARDGYPQYGGYGY,126.77,1,13,6.896983509671685,1,10
GFNIKDTY,IYPTNGYT,ARYGRDGSYYFDY,127.5,1,13,6.894489815230026,1,6
GFNIKDTY,IYPTNGYT,AGYEGYGLYPFAY,128.1,1,13,6.892450870255313,1,9
GFNIKDTY,IYPTNGYT,ATYYGPYYYAMDY,128.37,1,13,6.891536458796405,1,7
GFNIKDTY,IYPTNGYT,ARSNYYYGSGFAY,128.79,1,13,6.890117856800899,1,11
GFNIKDTY,IYPTNGYT,ARGYFGGYYFAY,130.44,1,12,6.884589209866081,0,-1
GFNIKDTY,IYPTNGYT,SRWGGEGYHAMDY,130.61,1,13,6.884023570545183,1,3
GFNIKDTY,IYPTNGYT,ITYYDFSYYFEF,131.32,1,12,6.881669125942698,0,-1
GFNIKDTY,IYPTNGYT,VRLGDYGGYAMDY,131.5,1,13,6.881074247174223,1,5
GFNIKDTY,IYPTNGYT,AKYGRSDYGFEH,133.0,1,12,6.876148359032914,0,-1
GFNIKDTY,IYPTNGYT,ARWWTPANYPFLY,133.0,1,13,6.876148359032914,1,9
GFNIKDTY,IDPANGYT,ARVGGRGYYYYDY,133.97,1,13,6.872992442628673,1,6
GFNIKDTY,IYPTNGYT,ARSHIGYYGQVAL,134.47,1,13,6.871374595124049,1,12
GFNIKDTY,IYPTNGYT,ARFLYGSYYFDY,134.93,1,12,6.8698914796390635,0,-1
GFNIKDTY,IYPTNGYT,ASYYAPGSYGFDP,135.02,1,13,6.8696018963471985,1,10
GFNIKDTY,IYPTNGYT,HYGTLGSWYGL,135.18,1,11,6.8690875578925255,0,-1
GFNIKDTY,IYPTNGYT,ARYGLNHYYVYPY,135.31,1,13,6.86867010595719,1,9
GFNIKDTY,IYPTNGYT,ARSYFRFTGDFFY,135.37,1,13,6.86847757108693,1,11
GFNIKDTY,IYPTNGYT,AMNVRGFYGFDH,136.32,1,12,6.865440422577375,0,-1
GFNIKDTY,IYPTNGYT,ARFYGGYYGMDV,138.5,1,12,6.858550226599533,0,-1
GFNIKDTY,IYPTNGYT,ARYGSGSYGLDY,139.36,1,12,6.855861862336412,0,-1
GFNIKDTY,IYPTNGYT,ARWWGYGYYYFAY,139.75,1,13,6.854648183441539,1,7
GFNIKDTY,IYPTNGYT,SRYYDYNYYFMDY,141.43,1,13,6.8494584586259135,1,7
GFNIKDTY,IYPTNGYT,AENQVGSYAYDF,144.12,1,12,6.841275746549469,0,-1
GFNIKDTY,IYPTNGYT,ARDGGSSSYSYSY,146.32,1,13,6.834696307531639,1,8
GFNIKDTY,IYPTNGYT,VRGYGYNFYYHGFSY,146.5,1,15,6.834162375309871,0,-1
GFNIKDTY,IYPTNGYT,ARHHYSGYFHDV,147.86,1,12,6.830149298138501,0,-1
GFNIKDTY,IYPTNGYT,ARTTSSIPSSFDY,148.77,1,13,6.827484636989228,1,10
GFNIKDTY,IYPTNGYT,ARLWYGGYYYYFDY,148.97,1,14,6.8269011822337715,0,-1
GFNIKDTY,IYPTNGYT,ARYRYGYYYYMDV,150.36,1,13,6.822867682958225,1,9
GFNIKDTY,IYPTNGYT,ARYGSLTYYAMHY,151.1,1,13,6.820735535660974,1,7
GFNIKDTY,IYPTNGYT,ARFDLVGAFDY,151.44,1,11,6.819759399044259,0,-1
GFNIKDTY,IYPTNGYT,ARYYYLDYYYFDY,152.88,1,13,6.815649325953044,1,9
GFNIKDTY,IYPTNGYT,ARDGYPFYSGMDY,153.52,1,13,6.813835038272585,1,8
GFNIKDTY,IYPTNGYT,ATSGSVDRYDYVY,154.68,1,13,6.810565836598972,1,10
GFNIKDTY,IYPTNGYT,ARYNPFDGFYFDV,155.5,1,13,6.808269606637143,1,11
GFNIKDTY,IYPTNGYT,ARSSGYYYYGFVY,157.39,1,13,6.803022864624881,1,9
GFNIKDTY,IDPADGYT,AREGGYGYYAMDY,160.15,1,13,6.79547305700016,1,4
GFNIKDTY,IYPTNGYT,ATGYSYLRFYD,163.5,1,11,6.786482243003695,0,-1
GFNIKDTY,IYPTNGYT,ARGYYQDSQSWGY,165.5,1,13,6.781202001888262,1,11
GFNIKDTY,IYPTNGYT,ARVGGYGYYSYDY,168.68,1,13,6.772936407657174,1,6
GFNIKDTY,IYPTNGYT,ASSGRLDLYDFRL,170.52,1,13,6.768224676024905,1,11
GFNIKDTY,IYPTNGYT,ATGYGYLLYSDHD,171.22,1,13,6.766445507285477,1,11
GFNIKDTY,IYPTNGYT,ARGYWWLYGFAY,171.68,1,12,6.765280295378124,0,-1
GFNIKDTY,IYPTNGYT,AMDFKFTRLDL,176.11,1,11,6.754215982922475,0,-1
GFNIKDTY,IYPTNGYT,ARWSWPGYEFEF,177.0,1,12,6.752026733638194,0,-1
GFNIKDTY,IYPTNGYT,AIGGYYYGGDL,177.24,1,11,6.751438258640426,0,-1
GFNIKDTY,IYPTNGYT,ARSTDYWHASQY,178.9,1,12,6.747389659432627,0,-1
GFNIKDTY,IYPTNGYT,ATGSGGGGFSYGY,181.9,1,13,6.740167300936516,1,10
GFNIKDTY,IYPTNGYT,ARLAFDSVSFYSDY,186.77,1,14,6.728692881215036,0,-1
GFNIKDTY,IYPTNGYT,AQYGRGGYWYFDY,188.46,1,13,6.724780813217851,1,9
GFNIKDTY,IYPTNGYT,ARSYAFLYGRMDY,188.5,1,13,6.724688645458189,1,9
GFNIKDTY,IYPTNGYT,ARYSYYGGGAFDY,190.9,1,13,6.719194071606333,1,8
GFNIKDYY,IYPSRGYT,ARHGSEGRYTMDV,192.08,1,13,6.716517852951029,1,7
GFNIKDTY,IYPTNGYT,AKTWSYWSAYNN,197.16,1,12,6.7051811905173135,0,-1
GFNIKDTY,IYPTNGYT,ASYAGYSPFDY,201.51,1,11,6.695703396981645,0,-1
GFNIKDTY,IYPTNGYT,ARSYYGAYYFDY,201.83,1,12,6.695014279793328,0,-1
GFNIKDTY,IYPTNGYT,ARDSPYYGSLYLY,205.07,1,13,6.688097868580511,1,11
GFNIKDTY,IYPTNGYT,AKYGISDYGFDH,207.46,1,12,6.683065626440466,0,-1
GFNIKDTY,IYPTNGYT,ARSGEGYYAFDY,210.41,1,12,6.676933623636096,0,-1
GFNIKDTY,IYPTNGYT,ARHYGGYYMMDV,211.98,1,12,6.673705112181511,0,-1
GFNIKDTY,IYPTNGYT,ARWAASYAFYY,212.45,1,11,6.672743264574467,0,-1
GFNIKDTY,IYPANGYT,AREGGVGYYSFAY,213.14,1,13,6.671335038558475,1,7
GFNIKDTY,IYPTNGYT,SRYSYSGGHAFAY,213.8,1,13,6.669992299127241,1,8
GFNIKDTY,IYPTNGYT,ARYLEYTYAWDY,218.28,1,12,6.660986054888892,0,-1
GFNIKDTY,IYPTNGYT,ASGDLTAGSSQT,219.4,1,12,6.658763376761308,0,-1
GFNIKDTY,IYPTNGYT,ARWYGLGSYGLTY,222.67,1,13,6.6523382908783795,1,7
GFNVSSSY,IYPENGST,SRYSYYGGYAFDY,224.9,1,13,6.648010544564368,1,6
GFNIKDTY,IYPTNGYT,ARWEQASVGSFGY,225.85,1,13,6.646179905102587,1,10
GFNIKDTY,IYPTNGYT,ARSGGYYHYGFVY,227.95,1,13,6.642160403462019,1,8
GFNIKDTY,IYPSNGYT,ARSSGYYSYSYDY,230.09,1,13,6.638102255904119,1,8
GFNIKDTY,IYPTNGYT,ARWRYGGAYQFAL,230.51,1,13,6.637310229273836,1,9
GFNIKDTY,IYPTNGYT,SRWGTDGVYAMDY,230.61,1,13,6.63712186421107,1,2
GFNIKDTY,IYPTNGYT,ARDGGMYRYGLYG,231.3,1,13,6.635824367229381,1,9
GFNIKDTY,IYPTNGYT,TRNGPLYWHWDL,234.09,1,12,6.630617138364802,0,-1
GFNIKDTY,IYPTNGYT,ARYLRYTYAWDY,238.46,1,12,6.622584460381486,0,-1
GFNIKDTY,IYPTNGYT,SRWDGDGNYAMDY,239.28,1,13,6.621093599976739,1,2
GFNIKDTY,IYPTNGYT,ARYGGGPSYRLSY,243.36,1,13,6.613750803291077,1,8
GFNIKDTY,IYPTNGYT,ARTTISSSSYTG,248.0,1,12,6.605548319173784,0,-1
GFNIKDTY,IYPTNGYT,ARWSGGSLYALDY,250.7,1,13,6.600845666041783,1,6
GFNIKDTY,IYPTNGYT,SRKGGDGFYGMDY,253.19,1,13,6.596553451224123,1,2
GFNIKDTY,IYPTNGYT,ARGHYSLGYSFDF,256.0,1,13,6.59176003468815,1,10
GFNIKDTY,IYPTNGYT,SRRGGDYFYAMDY,256.24,1,13,6.591353074344235,1,2
GFNIKDTY,IYPTNGYT,ARDGGIAYYYFAY,257.05,1,13,6.589982391796947,1,8
GFNIKDTY,IYPTNGYT,ARYGGRSSYYFDY,257.12,1,13,6.589864140580731,1,7
GFNIKDTY,IYPTNGYT,ALLYGYYPSGVG,262.02,1,12,6.5816655576950165,0,-1
GFNIKDTY,IYPTNGYT,SRSGGDQFYAMDY,267.19,1,13,6.573179800036645,1,2
GFNIKDTY,IYPTNGYT,ATGYSYLRYYD,273.0,1,11,6.5638373529592435,0,-1
GFNIKDTY,IDPENGYT,ARVGGYGYYYYDY,277.34,1,13,6.556987488783215,1,6
GFNIKDTY,IYPTNGYT,ARDGIYGYGGFAY,277.54,1,13,6.556674416046255,1,9
GFNIKDTY,IYPTNGYT,ARDVYVGSPVFDY,277.82,1,13,6.5562364930224994,1,9
GFNIKDTY,IYPTNGYT,ARSNNWYSYSFQF,278.0,1,13,6.555955204081924,1,11
GFNIKDTY,IYPTNGYT,SRWGADGFTAMDY,280.77,1,13,6.551649298004096,1,2
GFNIKDTY,IYPTNGYT,AYMGSHTIYSFEH,301.0,1,13,6.521433504406157,1,11
GFNIKDTY,IYPTNGYT,SRWGLDGVYAMDY,301.77,1,13,6.520323937131855,1,2
GFNIKDTY,IYPTNGYT,ARSGGGSYYYYDY,307.53,1,13,6.512112511761912,1,7
GFNIKDTY,IYPTNGYT,SRWGGDGFTFMDY,310.88,1,13,6.5074072167442925,1,2
GFNIKDTY,IYPTNGYT,ASDRYGSYSLVS,314.28,1,12,6.502683255527143,0,-1
GFNIKDTY,IYPTNGYT,ATSGTASWQHYGV,321.95,1,13,6.492211570571857,1,12
GFNIKDTY,IYPTNGYT,ARGPGGFDV,322.49,1,9,6.491483747733064,0,-1
GFNIKDTY,IYPTNGYT,ARYYGWYYYFDY,322.69,1,12,6.491214492954047,0,-1
GFNIKDTY,IYPTNGYT,AVEGGTRALEP,325.59,1,11,6.48732894227028,0,-1
GFNIKDTY,IYPTNGYT,ARLGASHGYLYDD,327.57,1,13,6.484695879289677,1,9
GFNIKDTY,IYPTNGYT,ARSTGSGFYSYDY,329.97,1,13,6.481525543233364,1,6
GFNIKDTY,IYPTNGYT,ARSGGYYTYGFDY,337.65,1,13,6.471533245943799,1,7
GFNIKDTY,IYPTNGYT,ARLYYSSFNGM,339.0,1,11,6.4698003017969175,0,-1
GFNIKDTY,IYPSNGYT,ARSGYYYSYSFDY,347.56,1,13,6.458970211449147,1,8
GFNIKDTY,IYPTNGYT,TRYSYYGYHAMDY,353.55,1,13,6.451549158419995,1,7
GFNIKDTY,IYPTNGYT,ARDYDFGLSVGAV,357.6,1,13,6.44660248987612,1,11
GFNIKDTY,IYPTNGYT,VSEASRRALEV,360.81,1,11,6.442721434310154,0,-1
GFNIKDTY,IYPTNGYT,SRYSYSGGGSFDY,361.85,1,13,6.441471423037927,1,8
GFNIKDTY,IYPTNGYT,ARDGGGGVYAFTY,363.6,1,13,6.43937612545007,1,6
GFNIKDTY,IYPTNGYT,ARYSGDSYYYYDY,366.22,1,13,6.436257941704293,1,7
GFNIKDTY,IYPTNGYT,ARYHYRTIGSFGY,367.0,1,13,6.43533393574791,1,11
GFNIKDTY,IYPTNGYT,ARWDVTGGTGYYFDV,367.84,1,15,6.434341046074796,0,-1
GFNIKDTY,IYPTNGYT,AWASGYGGYGMDY,368.48,1,13,6.433586079379844,1,7
GFNIKDTY,IYPTNGYT,ARYRDGYDYYFDY,381.22,1,13,6.418824322981798,1,9
GFNIKDTY,IYPTNGYT,SRWGGDGFQHMDY,393.99,1,13,6.404514801016896,1,2
GFNIKDTW,IDPANGYT,ARVGGRGYYYYDY,394.14,1,13,6.404349487748598,1,6
GFNIKDTY,IYPTNGYT,ARDGGRGRYAMDY,402.38,1,13,6.3953636137013765,1,4
GFNIKDTY,IYPTNGYT,ARYSGSSYYYYDY,422.65,1,13,6.37401912668833,1,8
GFNIKDTY,IYPTNGYT,ARYHYSGFFMDA,433.14,1,12,6.363371707803016,0,-1
GFNIKDTY,IYPTNGYT,ARYLSDSYAWDY,433.96,1,12,6.3625502994733605,0,-1
GFNIKDTY,IYPTNGYT,ARYGGSSNYYYDY,440.64,1,13,6.35591608142317,1,7
GFNIKDTY,IYPTNGYT,ATGLSPSGSNGPY,444.26,1,13,6.352362787729886,1,12
GFNIKDTY,IYPTNGYT,VRSGYDYYSWFAY,465.34,1,13,6.332229614493109,1,9
GFNIKDTY,IYPANGYT,ASSGGGYSYYYTY,475.78,1,13,6.3225938180200565,1,9
GFNIKDTY,IYPTNGYT,ARYSYYGGGYFDY,477.55,1,13,6.3209811505990245,1,9
GFNIKDTY,IYPTNGYT,VRGGYGYYAMDY,481.13,1,12,6.317737562598051,0,-1
GFNIKDTY,IYPTNGYT,ARSYGSGSYSFDY,494.72,1,13,6.3056405320977875,1,7
GFNIKDTY,IYPTNGYT,ARGYAYYVAGREY,496.0,1,13,6.304518323509803,1,11
GFNIKDTY,IYPTNGYT,SRYSYYGGGGFDY,497.74,1,13,6.302997456541026,1,8
GFNIKDTY,IYPTSGYT,ASDGGVSSYSFDY,542.45,1,13,6.265640286465304,1,8
GFNIKDTY,IYPTNGYT,TRRDFGYYMAY,546.94,1,11,6.262060313699735,0,-1
GFNIKDTY,IYPANGYT,ASSGGSSSYYYNY,553.82,1,13,6.256631364710342,1,9
GFNIKDTY,IYPTNGYT,ARSRGSSSYMMDY,566.15,1,13,6.247068488349481,1,7
GFNIKDTY,IYPTNGYT,ARDRGVSGYYLYY,566.77,1,13,6.246593145685108,1,9
GFNIKDTY,IYPTNGYT,ARNYYGAAYYFDY,569.89,1,13,6.244208963631403,1,9
GFNIKDTY,IYPTNGYT,ARYAGVERPGSFAY,574.18,1,14,6.240951939044164,0,-1
GFNIKDTY,IYPSSGYT,ASSGGRYYYYYDY,590.53,1,13,6.228758034539023,1,8
GFNIKDTY,IYPTNGYT,ARTDIIYSGHFAY,602.21,1,13,6.220252037085032,1,11
GFNIKDTY,IYPTNGYT,ARSGGSGYYSYNY,603.04,1,13,6.21965387989447,1,7
GFNIKDTY,IYPTNGYT,ARGYGVGASFVY,630.0,1,12,6.200659450546418,0,-1
GFNIKDTY,IYPTNGYT,ARSSYYFYYFDY,634.96,1,12,6.197253632702421,0,-1
GFNIKDTY,IYPTNGYT,ARFMGGGYTSSDY,637.2,1,13,6.195724232870906,1,8
GFNFKDTY,IYPANGYT,ASDGGSYSYAFDY,642.24,1,13,6.192302649192609,1,7
GFNIKDTY,IYPTNGYT,ARSSGSSYYGFDY,667.96,1,13,6.175249543960697,1,8
GFNIKDTY,IYPEDGST,ARSGGSSTYAYDY,669.18,1,13,6.174457047415913,1,6
GFNIKDTY,IYPTNGYT,ARSGGSSFYGMDY,680.03,1,13,6.167471927665727,1,5
GFNIKDTY,IYPTNGYT,ARGYYDTSQSHAY,712.8,1,13,6.147032308971181,1,10
GFNIKDTY,IYSSDGYT,ARSGGSSYYYYDY,809.63,1,13,6.091713407874497,1,7
GFNIKDTY,IYPTNGYT,ARYSGSGGNAFAY,863.55,1,13,6.063712511489185,1,8
GFNIKDTY,IYPTNGYT,ARTGGSSYYAYDY,901.24,1,13,6.045159541100713,1,6
GFNIKDTY,IYPSNGYT,ARYRGSSSYYFDY,906.53,1,13,6.042617819126253,1,8
GFNIKDTY,IYPTNGYT,ARHYYGWSSGYDY,959.35,1,13,6.0180229201102255,1,10
GFNIKDTY,IYPTNGYT,ARSAGIGYYAMDY,994.32,1,13,6.0024738249901,1,5
GFNIKDTY,IYPTNGYT,SRYGYSGYGAFDY,1052.08,1,13,5.977951235241623,1,6
GFNIKDTY,IYPTNGYT,ARSGGSYSYSFDV,1065.31,1,13,5.972523996263773,1,8
GFNIKDTY,IYPTNGYT,ARSGGSSYYYYDY,1067.07,1,13,5.971807089838353,1,7
GFNIKDTY,IYPTNGYT,ARGSYYYYYMDV,1237.24,1,12,5.907546047690474,0,-1
GFNISDYY,IYPSSGYT,ARDGGVGSYSMDV,1322.98,1,13,5.878446721160414,1,6
GFNIKDTY,IYPTNGYT,ARSGGRYTYGFDY,1407.65,1,13,5.851505315338953,1,7
GFNIKDTY,IYPTNGYT,ARTGWGYDNISGYEY,1461.56,1,15,5.835183351271959,0,-1
GFNIKDTY,IYPTNGYT,ASSGGSSSYSYSY,1588.0,1,13,5.799149501908922,1,9
GFNIKDTY,IYPADGYT,ASSGGSSYYYYDY,1672.63,1,13,5.776600118051279,1,8
GFNVKDTY,IYPSDGYT,ASSGGSSYYYYDY,1698.5,1,13,5.769934448793953,1,8
GFNIKDTY,IYPTNGYT,ASSGGSSSYSYYY,1724.82,1,13,5.763256220640341,1,9
GFNIKDTY,IYPTNGYT,ARSGGSGYYYYDY,1830.41,1,13,5.737451620218279,1,6
GFNIKDTY,IYPTNGYT,ARYSSSGGSAFDY,1986.37,1,13,5.701939852521576,1,8
GFNIKDTY,IYPTNGYT,ARVGGRGYYAYDY,2286.4,1,13,5.6408477885531045,1,5
GFNIKDTY,IYPTNGYT,AVSGGSSSYSYQY,2421.18,1,13,5.615972922206005,1,9
GFNIKDTY,IYPTNGYT,ARDGGSGYYAYDY,2523.9,1,13,5.597927856364727,1,5
GFNIKDTY,IYPTNGYT,AKDGIGYWYAV,,0,11,,0,-1
GFNIKDTY,IYPTNGYT,AGSGWFYFNSY,,0,11,,0,-1
GFNIKDTY,IYPTNGYT,LADGMEARYSK,,0,11,,0,-1
GFNIKDTY,IYPTNGYT,ARVGRGGSARG,,0,11,,0,-1
GFNIKDTY,IYPTNGYT,ARFNGHGHDYD,,0,11,,0,-1
GFNIKDTY,IYPTNGYT,DRDFYEGWGKY,,0,11,,0,-1
GFNIKDTY,IYPTNGYT,SSIGWYQTYGY,,0,11,,0,-1
GFNIKDTY,IYPTNGYT,ANYDTFNMSDY,,0,11,,0,-1
GFNIKDTY,IYPTNGYT,VGEGSYYFDLH,,0,11,,0,-1
GFNIKDTY,IYPTNGYT,ATYAPGNWYAV,,0,11,,0,-1
GFNIKDTY,IYPTNGYT,TRYGNQRGGDY,,0,11,,0,-1
GFNIKDTY,IYPTNGYT,YGSQGTGYYRG,,0,11,,0,-1
GFNIKDTY,IYPTNGYT,AREEWSSGRPG,,0,11,,0,-1
GFNIKDTY,IYPTNGYT,AIPGDGYWHAV,,0,11,,0,-1
GFNIKDTY,IYPTNGYT,AVDPSFIGYAD,,0,11,,0,-1
GFNIKDTY,IYPTNGYT,VTSTILGVFAY,,0,11,,0,-1
GFNIKDTY,IYPTNGYT,AREEFAGGFGR,,0,11,,0,-1
GFNIKDTY,IYPTNGYT,AYWYGVYSSTY,,0,11,,0,-1
GFNIKDTY,IYPTNGYT,AREEHVTGFIA,,0,11,,0,-1
GFNIKDTY,IYPTNGYT,ANYGGRVYRLG,,0,11,,0,-1
GFNIKDTY,IYPTNGYT,ARERNRYVDGY,,0,11,,0,-1
GFNIKDTY,IYPTNGYT,ANSYYWGAYFN,,0,11,,0,-1
GFNIKDTY,IYPTNGYT,AGYGVQGYGNV,,0,11,,0,-1
GFNIKDTY,IYPTNGYT,ARGQSGPYYPL,,0,11,,0,-1
GFNIKDTY,IYPTNGYT,ARSDHFGGDMV,,0,11,,0,-1
GFNIKDTY,IYPTNGYT,ARSTTAGGIGT,,0,11,,0,-1
GFNIKDTY,IYPTNGYT,ARTGSLGAYAI,,0,11,,0,-1
GFNIKDTY,IYPTNGYT,ARTLPDPGSIY,,0,11,,0,-1
GFNIKDTY,IYPTNGYT,ASSGERTALSV,,0,11,,0,-1
GFNIKDTY,IYPTNGYT,AYRPVDGGGPP,,0,11,,0,-1
GFNIKDTY,IYPTNGYT,DFPSIRSGLDY,,0,11,,0,-1
GFNIKDTY,IYPTNGYT,ENGDGGSWHGL,,0,11,,0,-1
GFNIKDTY,IYPTNGYT,TTTGYDTVGTD,,0,11,,0,-1
GFNIKDTY,IYPTNGYT,VGPAGYSTPQK,,0,11,,0,-1
GFNIKDTY,IYPTNGYT,YGIGRYYYNLH,,0,11,,0,-1
GFNIKDTY,IYPTNGYT,YGRFYFGSMHY,,0,11,,0,-1
GFNIKDTY,IYPTNGYT,VRGSGSNPFDY,,0,11,,0,-1
GFNIKDTY,IYPTNGYT,ARTLYFDGFDY,,0,11,,0,-1
GFNIKDTY,IYPTNGYT,TNNGGGGGFDY,,0,11,,0,-1
GFNIKDTY,IYPTNGYT,ARVYGDGNFDS,,0,11,,0,-1
GFNIKDTY,IYPTNGYT,AREVGDGYFAY,,0,11,,0,-1
GFNIKDTY,IYPTNGYT,AREGYFYAMDY,,0,11,,0,-1
GFNIKDTY,IYPTNGYT,ARMYYGGYFDY,,0,11,,0,-1
GFNIKDTY,IYPTNGYT,ARRSYYYAMSY,,0,11,,0,-1
GFNIKDTY,IYPTNGYT,AREVYGGYFAY,,0,11,,0,-1
GFNIKDTY,IYPTNGYT,NRGGGGRYFDY,,0,11,,0,-1
GFNIKDTY,IYPTNGYT,VRSKPGYAMDY,,0,11,,0,-1
GFNIKDTY,IYPTNGYT,ARGEYDYYFDV,,0,11,,0,-1
GFNIKDTY,IYPTNGYT,AADFVWTYFDY,,0,11,,0,-1
GFNIKDTY,IYPTNGYT,ARLWLDYDFDY,,0,11,,0,-1
GFNIKDTY,IYPTNGYT,ARGGYYGFMDS,,0,11,,0,-1
GFNIKDTY,IYPTNGYT,VRDSVYDVFAY,,0,11,,0,-1
GFNIKDTY,IYPTNGYT,VRDYGDGVFDY,,0,11,,0,-1
GFNIKDTY,IYPTNGYT,ARRWYVYYFAN,,0,11,,0,-1
GFNIKDTY,IYPTNGYT,ARDLALGYFDI,,0,11,,0,-1
GFNIKDTY,IYPTNGYT,ATYVGALFFDY,,0,11,,0,-1
GFNIKDTY,IYPTNGYT,AREDGYDYFAV,,0,11,,0,-1
GFNIKDTY,IYPTNGYT,ARGYLRDGYAY,,0,11,,0,-1
GFNIKDTY,IYPTNGYT,AREEGDDYFDV,,0,11,,0,-1
GFNIKDTY,IYPTNGYT,ARGGSDKSYFGY,,0,12,,0,-1
GFNIKDTY,IYPTNGYT,ARGGSNYRYNVY,,0,12,,0,-1
GFNIKDTY,IYPTNGYT,ARGPRYPNAMDY,,0,12,,0,-1
GFNIKDTY,IYPTNGYT,ARGRPPFYGWAR,,0,12,,0,-1
GFNIKDTY,IYPTNGYT,ARGSSSDSDYDF,,0,12,,0,-1
GFNIKDTY,IYPTNGYT,ARGVDRELGESW,,0,12,,0,-1
GFNIKDTY,IYPTNGYT,ARRGYDAGDFQY,,0,12,,0,-1
GFNIKDTY,IYPTNGYT,ARSAAVGSLDDY,,0,12,,0,-1
GFNIKDTY,IYPTNGYT,ARSFYFRNYYYT,,0,12,,0,-1
GFNIKDTY,IYPTNGYT,ARSGSGRPYYTR,,0,12,,0,-1
GFNIKDTY,IYPTNGYT,ARTSVAYDRYHE,,0,12,,0,-1
GFNIKDTY,IYPTNGYT,ARWRDTGGYLDY,,0,12,,0,-1
GFNIKDTY,IYPTNGYT,ASNYGEGGYYDA,,0,12,,0,-1
GFNIKDTY,IYPTNGYT,ASNYMWYYGYPD,,0,12,,0,-1
GFNIKDTY,IYPTNGYT,ASWSRPYRENYD,,0,12,,0,-1
GFNIKDTY,IYPTNGYT,ATDLVGDYTNAV,,0,12,,0,-1
GFNIKDTY,IYPTNGYT,ATGDYSPYHYRI,,0,12,,0,-1
GFNIKDTY,IYPTNGYT,ATGSIGAGSDVF,,0,12,,0,-1
GFNIKDTY,IYPTNGYT,ATSYSVEEYDNY,,0,12,,0,-1
GFNIKDTY,IYPTNGYT,ATYENSAYYYGY,,0,12,,0,-1
GFNIKDTY,IYPTNGYT,AVAGGADEYTFF,,0,12,,0,-1
GFNIKDTY,IYPTNGYT,AVGSTGVGYNRT,,0,12,,0,-1
GFNIKDTY,IYPTNGYT,AVISYRDGSWYA,,0,12,,0,-1
GFNIKDTY,IYPTNGYT,AVLLHNWDDVVL,,0,12,,0,-1
GFNIKDTY,IYPTNGYT,MKSALGGSLDDY,,0,12,,0,-1
GFNIKDTY,IYPTNGYT,TRGSSGGRLWYT,,0,12,,0,-1
GFNIKDTY,IYPTNGYT,VGYLYNIIGGAH,,0,12,,0,-1
GFNIKDTY,IYPTNGYT,WAYGPLNWMWRL,,0,12,,0,-1
GFNIKDTY,IYPTNGYT,YTANYRGSGREY,,0,12,,0,-1
GFNIKDTY,IYPTNGYT,YYDGAGYEERAL,,0,12,,0,-1
GFNIKDTY,IYPTNGYT,YYHPPSGLVWSG,,0,12,,0,-1
GFNIKDTY,IYPTNGYT,ARLLPGNDPFDY,,0,12,,0,-1
GFNIKDTY,IYPTNGYT,KTYGGGSYYFDY,,0,12,,0,-1
GFNIKDTY,IYPTNGYT,ARSSYLYRGMDY,,0,12,,0,-1
GFNIKDTY,IYPTNGYT,ARLLRGRLRMDY,,0,12,,0,-1
GFNIKDTY,IYPTNGYT,ARPPYDGRGFDY,,0,12,,0,-1
GFNIKDTY,IYPTNGYT,ASAGLAYFAMDY,,0,12,,0,-1
GFNIKDTY,IYPTNGYT,AGGGWDEGGFDY,,0,12,,0,-1
GFNIKDTY,IYPTNGYT,ARGVYRPYVFDY,,0,12,,0,-1
GFNIKDTY,IYPTNGYT,ARGTGPGYGMDY,,0,12,,0,-1
GFNIKDTY,IYPTNGYT,AARGPSGYYFGY,,0,12,,0,-1
GFNIKDTY,IYPTNGYT,VRVLYGYYAMDY,,0,12,,0,-1
GFNIKDTY,IYPTNGYT,ARGEGDFYYFDY,,0,12,,0,-1
GFNIKDTY,IYPTNGYT,TRSYYSYFAMDY,,0,12,,0,-1
GFNIKDTY,IYPTNGYT,ARGGNYWEVFDY,,0,12,,0,-1
GFNIKDTY,IYPTNGYT,TKRSGYWYYFDI,,0,12,,0,-1
GFNIKDTY,IYPTNGYT,ARRGGYYARMDY,,0,12,,0,-1
GFNIKDTY,IYPTNGYT,VRLPGYEIAFDY,,0,12,,0,-1
GFNIKDTY,IYPTNGYT,QRRGGTGWGMDY,,0,12,,0,-1
GFNIKDTY,IYPTNGYT,ARVGGYTTTGDY,,0,12,,0,-1
GFNIKDTY,IYPTNGYT,VRGGGYGDYFDL,,0,12,,0,-1
GFNIKDTY,IYPTNGYT,ARKYGGFGSMDY,,0,12,,0,-1
GFNIKDTY,IYPTNGYT,AGFPYDGGVRDY,,0,12,,0,-1
GFNIKDTY,IYPTNGYT,VRFYYDYYVMDY,,0,12,,0,-1
GFNIKDTY,IYPTNGYT,ARGSYDRGVLDW,,0,12,,0,-1
GFNIKDTY,IYPTNGYT,VRGGYDNWYAMDY,,0,13,,1,5
GFNIKDTY,IYPTNGYT,SLGRYDYIFSGGG,,0,13,,1,11
GFNIKDTY,IYPTNGYT,ARFYYYGAAIFVW,,0,13,,1,11
GFNIKDTY,IYPTNGYT,VRDSSSRSEIDDY,,0,13,,1,10
GFNIKDTY,IYPTNGYT,ASEYGYDSVGFDY,,0,13,,1,10
GFNIKDTY,IYPTNGYT,YYSGGGGRWWDKY,,0,13,,1,9
GFNIKDTY,IYPTNGYT,DGIVGDPNAGGDV,,0,13,,1,10
GFNIKDTY,IYPTNGYT,ASSKGEYSGLYDY,,0,13,,1,10
GFNIKDTY,IYPTNGYT,SSYEGRMESWFSD,,0,13,,1,11
GFNIKDTY,IYPTNGYT,AAGGSTYYYFGVY,,0,13,,1,10
GFNIKDTY,IYPTNGYT,SSDTDYWYMYGYD,,0,13,,1,12
GFNIKDTY,IYPTNGYT,RRAYYETTHIPDG,,0,13,,1,11
GFNIKDTY,IYPTNGYT,ARDGSHYYWYFDY,,0,13,,1,9
GFNIKDTY,IYPTNGYT,SSGEGRFKYGRPF,,0,13,,1,10
GFNIKDTY,IYPTNGYT,ARSTDRLHYFYDV,,0,13,,1,10
GFNIKDTY,IYPTNGYT,ARHLSTAWYGFDY,,0,13,,1,9
GFNIKDTY,IYPTNGYT,DDWPYGGSHGLGW,,0,13,,1,11
GFNIKDTY,IYPTNGYT,ATWDFGGVMGLGW,,0,13,,1,11
GFNIKDTY,IYPTNGYT,ARQEKFTYGSFFY,,0,13,,1,11
GFNIKDTY,IYPTNGYT,ARDRTPSYYYFDY,,0,13,,1,9
GFNIKDTY,IYPTNGYT,TNSKGGLDQAGGY,,0,13,,1,10
GFNIKDTY,IYPTNGYT,ARESNPDYDQMDI,,0,13,,1,10
GFNIKDTY,IYPTNGYT,TRVYGYDFRAMDY,,0,13,,1,6
GFNIKDTY,IYPTNGYT,TRLYYGNYYEFDY,,0,13,,1,9
GFNIKDTY,IYPTNGYT,AREGDNEWYDFAY,,0,13,,1,9
GFNIKDTY,IYPTNGYT,ARDWWVLVVFDLG,,0,13,,1,12
GFNIKDTY,IYPTNGYT,ARVGDTSVDYFDY,,0,13,,1,9
GFNIKDTY,IYPTNGYT,ARDIGGVGGNVDY,,0,13,,1,9
GFNIKDTY,IYPTNGYT,ARPTFNNFYDLYL,,0,13,,1,10
GFNIKDTY,IYPTNGYT,ARDKGYGNWGFAY,,0,13,,1,9
GFNIKDTY,IYPTNGYT,ARRGWFSWEVLDW,,0,13,,1,10
GFNIKDTY,IYPTNGYT,YTEDASTYYYDDY,,0,13,,1,10
GFNIKDTY,IYPTNGYT,SNIVTSGRYSLPK,,0,13,,1,10
GFNIKDTY,IYPTNGYT,ARNGLEPSYGRGV,,0,13,,1,10
GFNIKDTY,IYPTNGYT,ARGAQSYYYAMDW,,0,13,,1,8
GFNIKDTY,IYPTNGYT,ARDGFVLGGYFDA,,0,13,,1,10
GFNIKDTY,IYPTNGYT,KRDWSYPPYYAVG,,0,13,,1,11
GFNIKDTY,IYPTNGYT,ARTAYWAYRSHGI,,0,13,,1,12
GFNIKDTY,IYPTNGYT,VRGGSVGSWWIDY,,0,13,,1,8
GFNIKDTY,IYPTNGYT,NRTRDLWLGAAPF,,0,13,,1,11
GFNIKDTY,IYPTNGYT,ARAGGVGAYYFDY,,0,13,,1,6
GFNIKDTY,IYPTNGYT,VRGGRDFASGNFG,,0,13,,1,10
GFNIKDTY,IYPTNGYT,ARSRPTLHYNFDY,,0,13,,1,9
GFNIKDTY,IYPTNGYT,ARTYGPSYYGMDV,,0,13,,1,8
GFNIKDTY,IYPTNGYT,ARHVYYTVNPYDG,,0,13,,1,11
GFNIKDTY,IYPTNGYT,AKDVGGYYGDLDY,,0,13,,1,10
GFNIKDTY,IYPTNGYT,ATSSNDGNLRYEY,,0,13,,1,10
GFNIKDTY,IYPTNGYT,AREYAGVGLDTSY,,0,13,,1,11
GFNIKDTY,IYPTNGYT,ASYYGHGPYWPAH,,0,13,,1,10
GFNIKDTY,IYPTNGYT,ARGYYVSDDAMDY,,0,13,,1,8
GFNIKDTY,IYPTNGYT,PTRGTPPFDYYTY,,0,13,,1,10
GFNIKDTY,IYPTNGYT,VRKEYWTGWYYDW,,0,13,,1,11
GFNIKDTY,IYPTNGYT,ARDKRDYAYAPTY,,0,13,,1,8
GFNIKDTY,IYPTNGYT,SRYTTNGFYMGKY,,0,13,,1,7
GFNIKDTY,IYPTNGYT,SRIVRGRYEVIGG,,0,13,,1,11
GFNIKDTY,IYPTNGYT,VRLKIYEQRYGLG,,0,13,,1,12
GFNIKDTY,IYPTNGYT,AREGGSFWGAMDY,,0,13,,1,6
GFNIKDTY,IYPTNGYT,VREDTLPYTWFGY,,0,13,,1,11
GFNIKDTY,IYPTNGYT,ARKQRSDYYALDY,,0,13,,1,8
GFNIKDTY,IYPTNGYT,ARSSSGYWSGWGP,,0,13,,1,12
GFNIKDTY,IYPTNGYT,VTDGLSSEYSAPY,,0,13,,1,10
GFNIKDTY,IYPTNGYT,AKLGGFLVPSYSD,,0,13,,1,11
GFNIKDTY,IYPTNGYT,AASGYGYDPSFGD,,0,13,,1,12
GFNIKDTY,IYPTNGYT,AKGGGGGAPSMDY,,0,13,,1,7
GFNIKDTY,IYPTNGYT,SLRYNARPDLGPR,,0,13,,1,12
GFNIKDTY,IYPTNGYT,ARGVPSGRVFMDY,,0,13,,1,8
GFNIKDTY,IYPTNGYT,ARGHAYYVGVDVY,,0,13,,1,11
GFNIKDTY,IYPTNGYT,ARTDRWKAVEGFD,,0,13,,1,12
GFNIKDTY,IYPTNGYT,YDEGDNFYDYMNY,,0,13,,1,10
GFNIKDTY,IYPTNGYT,ARSFGGGGGMFDY,,0,13,,1,8
GFNIKDTY,IYPTNGYT,TRTWSMDTYFGED,,0,13,,1,11
GFNIKDTY,IYPTNGYT,ARSVRGSWFNFGA,,0,13,,1,12
GFNIKDTY,IYPTNGYT,ASGYRYGSSAFDV,,0,13,,1,10
GFNIKDTY,IYPTNGYT,ARDRRGGSAWFAY,,0,13,,1,10
GFNIKDTY,IYPTNGYT,ASFYGYGSYNAEK,,0,13,,1,10
GFNIKDTY,IYPTNGYT,AGLGDLYSFSMDY,,0,13,,1,9
GFNIKDTY,IYPTNGYT,ARGNGLTYGWFDY,,0,13,,1,9
GFNIKDTY,IYPTNGYT,ARKTLWPGRYWFF,,0,13,,1,12
GFNIKDTY,IYPTNGYT,ARTRYWGNYYYVW,,0,13,,1,10
GFNIKDTY,IYPTNGYT,ARDNLGGSRTFDA,,0,13,,1,10
GFNIKDTY,IYPTNGYT,ARFGAEYYAGMDY,,0,13,,1,8
GFNIKDTY,IYPTNGYT,ARYSGYGAYPFAY,,0,13,,1,8
GFNIKDTY,IYPTNGYT,YDEPIRMKYVGDY,,0,13,,1,10
GFNIKDTY,IYPTNGYT,AVGGLIYYDGLGY,,0,13,,1,11
GFNIKDTY,IYPTNGYT,ADDGSGDDDYGDY,,0,13,,1,10
GFNIKDTY,IYPTNGYT,ARERGSGRWYFDL,,0,13,,1,9
GFNIKDTY,IYPTNGYT,ASYGGKGIGLIAD,,0,13,,1,10
GFNIKDTY,IYPTNGYT,ANRPGDGNSNLGY,,0,13,,1,9
GFNIKDTY,IYPTNGYT,ARFGDFKYYEGDF,,0,13,,1,9
GFNIKDTY,IYPTNGYT,ATLADPGFYSFSV,,0,13,,1,10
GFNIKDTY,IYPTNGYT,ARGSGGIYWRPNY,,0,13,,1,10
GFNIKDTY,IYPTNGYT,ARLYGYVDDAMDY,,0,13,,1,7
GFNIKDTY,IYPTNGYT,TRGVRIYGDFFDY,,0,13,,1,10
GFNIKDTY,IYPTNGYT,VRGRYYDDYAMDV,,0,13,,1,8
GFNIKDTY,IYPTNGYT,PAWGLYHYYGYFY,,0,13,,1,9
GFNIKDTY,IYPTNGYT,ARSWYPYDTGYGW,,0,13,,1,12
GFNIKDTY,IYPTNGYT,ATSGSDYGSGYYG,,0,13,,1,11
GFNIKDTY,IYPTNGYT,SIETAPPDTGEDN,,0,13,,1,11
GFNIKDTY,IYPTNGYT,NRQSTYYGPWYGN,,0,13,,1,12
GFNIKDTY,IYPTNGYT,SSGLRWDGYGYDW,,0,13,,1,10
GFNIKDTY,IYPTNGYT,AKGGSEAGVVVDY,,0,13,,1,10
GFNIKDTY,IYPTNGYT,ASYGYFGWVYSAY,,0,13,,1,10
GFNIKDTY,IYPTNGYT,AARYSDEGYGMDY,,0,13,,1,8
GFNIKDTY,IYPTNGYT,SPNGGYDDRAVTY,,0,13,,1,8
GFNIKDTY,IYPTNGYT,AKRGLGYESGYDY,,0,13,,1,10
GFNIKDTY,IYPTNGYT,ARGYYLVWWLPDY,,0,13,,1,10
GFNIKDTY,IYPTNGYT,TRGRSSDYYAMDY,,0,13,,1,7
GFNIKDTY,IYPTNGYT,AADFDDGASGGDY,,0,13,,1,9
GFNIKDTY,IYPTNGYT,ATNAGRTVDEMDK,,0,13,,1,10
GFNIKDTY,IYPTNGYT,NSDGPVGVGGFYY,,0,13,,1,10
GFNIKDTY,IYPTNGYT,SWDKSWEAWPEGG,,0,13,,1,12
GFNIKDTY,IYPTNGYT,ATTAGQWSYHYYY,,0,13,,1,10
GFNIKDTY,IYPTNGYT,AGHGLFWYYGYDY,,0,13,,1,9
GFNIKDTY,IYPTNGYT,VAYGGYGHKVDGD,,0,13,,1,10
GFNIKDTY,IYPTNGYT,ADGGSWYGLLYGF,,0,13,,1,12
GFNIKDTY,IYPTNGYT,TRSGYYGDWPFAY,,0,13,,1,9
GFNIKDTY,IYPTNGYT,AGNGLGNRDGFAV,,0,13,,1,12
GFNIKDTY,IYPTNGYT,ATGTDDGFGDLSN,,0,13,,1,10
GFNIKDTY,IYPTNGYT,ARDLVGYYGYSWD,,0,13,,1,12
GFNIKDTY,IYPTNGYT,ARVTLGGNYIISG,,0,13,,1,10
GFNIKDTY,IYPTNGYT,STTLYWIGYFYRY,,0,13,,1,10
GFNIKDTY,IYPTNGYT,SKSGGGTYFPPRD,,0,13,,1,10
GFNIKDTY,IYPTNGYT,ARNWDIFGLVWRY,,0,13,,1,11
GFNIKDTY,IYPTNGYT,ARGTLYYGKTEGY,,0,13,,1,11
GFNIKDTY,IYPTNGYT,ARGGGSGSNYPAY,,0,13,,1,8
GFNIKDTY,IYPTNGYT,KRPVKFGYGNADY,,0,13,,1,9
GFNIKDTY,IYPTNGYT,AKYGSGDEFYQGV,,0,13,,1,12
GFNIKDTY,IYPTNGYT,ARLSWSTRNFYDL,,0,13,,1,11
GFNIKDTY,IYPTNGYT,AARFSWTSYYSDY,,0,13,,1,10
GFNIKDTY,IYPTNGYT,AQSGVGSSYTYEY,,0,13,,1,10
GFNIKDTY,IYPTNGYT,ARYYSRNWYYFDY,,0,13,,1,9
GFNIKDTY,IYPTNGYT,SKLGGYLVIVYSD,,0,13,,1,10
GFNIKDTY,IYPTNGYT,ASWRYPHPDAPYY,,0,13,,1,10
GFNIKDTY,IYPTNGYT,ARYQLGNRLIGAW,,0,13,,1,12
GFNIKDTY,IYPTNGYT,AKFRDYWFIAFRY,,0,13,,1,10
GFNIKDTY,IYPTNGYT,VTPVEDYFHFSDY,,0,13,,1,9
GFNIKDTY,IYPTNGYT,NAWSGPRGLQWDL,,0,13,,1,10
GFNIKDTY,IYPTNGYT,ARWYYDNYDSFDL,,0,13,,1,9
GFNIKDTY,IYPTNGYT,ARWGVSLERAMDY,,0,13,,1,6
GFNIKDTY,IYPTNGYT,ATEYTWRWWSMDY,,0,13,,1,10
GFNIKDTY,IYPTNGYT,ARSGTASWYWYGV,,0,13,,1,10
GFNIKDTY,IYPTNGYT,EDMGPSLATQSVG,,0,13,,1,12
GFNIKDTY,IYPTNGYT,ARSYYDYYGSFDY,,0,13,,1,9
GFNIKDTY,IYPTNGYT,ARYTGPYDIAPRY,,0,13,,1,9
GFNIKDTY,IYPTNGYT,AYSEGIGRSYLGY,,0,13,,1,10
GFNIKDTY,IYPTNGYT,AARWGYGGGGYDY,,0,13,,1,9
GFNIKDTY,IYPTNGYT,ARGYSDSTWAWYY,,0,13,,1,9
GFNIKDTY,IYPTNGYT,ASYGGWSYVDKDI,,0,13,,1,10
GFNIKDTY,IYPTNGYT,AKGDSYYIYGGDY,,0,13,,1,10
GFNIKDTY,IYPTNGYT,ARYDDDYAGFFDY,,0,13,,1,9
GFNIKDTY,IYPTNGYT,ARYGGFGDSGFDV,,0,13,,1,8
GFNIKDTY,IYPTNGYT,ARFIDYWWHGIFY,,0,13,,1,11
GFNIKDTY,IYPTNGYT,ARLVGILVRGMSE,,0,13,,1,10
GFNIKDTY,IYPTNGYT,AGGGVGSPVDMDV,,0,13,,1,10
GFNIKDTY,IYPTNGYT,ARPGQGGGGAYQY,,0,13,,1,8
GFNIKDTY,IYPTNGYT,ARRYDSGWDVADL,,0,13,,1,10
GFNIKDTY,IYPTNGYT,VRRAPVFFWHGEI,,0,13,,1,11
GFNIKDTY,IYPTNGYT,ARLVVLYGAYGYY,,0,13,,1,11
GFNIKDTY,IYPTNGYT,VRDLLHWKYGVGY,,0,13,,1,10
GFNIKDTY,IYPTNGYT,NAWSGDGGLDWTL,,0,13,,1,9
GFNIKDTY,IYPTNGYT,VRDRRYSGGHFDY,,0,13,,1,10
GFNIKDTY,IYPTNGYT,AKQGYHYGASMDV,,0,13,,1,10
GFNIKDTY,IYPTNGYT,ARKPFDYDFAMDY,,0,13,,1,7
GFNIKDTY,IYPTNGYT,KRWGGSLSRLNYD,,0,13,,1,9
GFNIKDTY,IYPTNGYT,ARDGGRSGYGFVV,,0,13,,1,9
GFNIKDTY,IYPTNGYT,ARRYGSSDLKFDI,,0,13,,1,10
GFNIKDTY,IYPTNGYT,ARAVGHWYGVRNY,,0,13,,1,10
GFNIKDTY,IYPTNGYT,VGTGGRPYAAGSG,,0,13,,1,10
GFNIKDTY,IYPTNGYT,ARERTDYYAWFDY,,0,13,,1,9
GFNIKDTY,IYPTNGYT,AAANGYNGGRFDY,,0,13,,1,10
GFNIKDTY,IYPTNGYT,AAATSATVWGFRG,,0,13,,1,13
GFNIKDTY,IYPTNGYT,AAKADYSYDQSWY,,0,13,,1,12
GFNIKDTY,IYPTNGYT,AANGGWEYVYDDV,,0,13,,1,10
GFNIKDTY,IYPTNGYT,AAREGPVYGYGLV,,0,13,,1,12
GFNIKDTY,IYPTNGYT,AARFYFDFFGLDY,,0,13,,1,10
GFNIKDTY,IYPTNGYT,AARHGTHSYYGIP,,0,13,,1,11
GFNIKDTY,IYPTNGYT,AASIAAVRRVGGY,,0,13,,1,12
GFNIKDTY,IYPTNGYT,AASYGYPSVGKPF,,0,13,,1,12
GFNIKDTY,IYPTNGYT,AAVRYYEITIPVH,,0,13,,1,13
GFNIKDTY,IYPTNGYT,AAWSLRGVSDWYV,,0,13,,1,11
GFNIKDTY,IYPTNGYT,AGGYFGGRRILEG,,0,13,,1,12
GFNIKDTY,IYPTNGYT,AGNGGAWFAAGGD,,0,13,,1,9
GFNIKDTY,IYPTNGYT,AGNVYSHYMGFDG,,0,13,,1,12
GFNIKDTY,IYPTNGYT,AGTGGRNYGGGRG,,0,13,,1,11
GFNIKDTY,IYPTNGYT,AGYVVDYEWVGGD,,0,13,,1,12
GFNIKDTY,IYPTNGYT,AKDYFRPYLDSGL,,0,13,,1,13
GFNIKDTY,IYPTNGYT,AKGEVAQYDSYDP,,0,13,,1,12
GFNIKDTY,IYPTNGYT,AKGRVGITTAGSD,,0,13,,1,12
GFNIKDTY,IYPTNGYT,AKRGESGGRLWYY,,0,13,,1,10
GFNIKDTY,IYPTNGYT,AKSGGGSYPIPET,,0,13,,1,11
GFNIKDTY,IYPTNGYT,ALRGTRWLYTGGY,,0,13,,1,10
GFNIKDTY,IYPTNGYT,ALRYLPYTSSMSP,,0,13,,1,12
GFNIKDTY,IYPTNGYT,APDYDYRGIWKNV,,0,13,,1,13
GFNIKDTY,IYPTNGYT,APLGGPADLAIGM,,0,13,,1,10
GFNIKDTY,IYPTNGYT,AQAGPIVINSFED,,0,13,,1,12
GFNIKDTY,IYPTNGYT,AQGDKDFLRQSTV,,0,13,,1,12
GFNIKDTY,IYPTNGYT,ARAIYYVRGGFAY,,0,13,,1,11
GFNIKDTY,IYPTNGYT,ARAPYRWDSGGLF,,0,13,,1,12
GFNIKDTY,IYPTNGYT,ARDFTTYAYAPVY,,0,13,,1,9
GFNIKDTY,IYPTNGYT,ARDKHVRGTEKGN,,0,13,,1,12
GFNIKDTY,IYPTNGYT,ARDNGWQSIFGYG,,0,13,,1,11
GFNIKDTY,IYPTNGYT,ARDPLQRPYYFDV,,0,13,,1,10
GFNIKDTY,IYPTNGYT,ARDSRSWDYDVDP,,0,13,,1,10
GFNIKDTY,IYPTNGYT,ARDTGTYDPWFAY,,0,13,,1,10
GFNIKDTY,IYPTNGYT,AREGYYGRYEDTG,,0,13,,1,9
GFNIKDTY,IYPTNGYT,ARFESQSWGNQYD,,0,13,,1,12
GFNIKDTY,IYPTNGYT,ARFPFAYNYYGGY,,0,13,,1,10
GFNIKDTY,IYPTNGYT,ARFRTEGWYNFDY,,0,13,,1,8
GFNIKDTY,IYPTNGYT,ARFRWKWSSYMDL,,0,13,,1,10
GFNIKDTY,IYPTNGYT,ARGDGGSNDYDNY,,0,13,,1,10
GFNIKDTY,IYPTNGYT,ARGEGYDDFYFAY,,0,13,,1,10
GFNIKDTY,IYPTNGYT,ARGSVFASNYFDA,,0,13,,1,11
GFNIKDTY,IYPTNGYT,ARIWLKGDYEFDY,,0,13,,1,8
GFNIKDTY,IYPTNGYT,ARLGGWWYGGENM,,0,13,,1,10
GFNIKDTY,IYPTNGYT,ARLYNYYEGLDPH,,0,13,,1,12
GFNIKDTY,IYPTNGYT,ARMQDWTRGSGGE,,0,13,,1,12
GFNIKDTY,IYPTNGYT,ARNPKSYGGSNPY,,0,13,,1,11
GFNIKDTY,IYPTNGYT,ARPGYVDILSVGT,,0,13,,1,11
GFNIKDTY,IYPTNGYT,ARPYAGYRYAFDI,,0,13,,1,9
GFNIKDTY,IYPTNGYT,ARPYYIGSLGIYS,,0,13,,1,11
GFNIKDTY,IYPTNGYT,ARQTYYVVREGHY,,0,13,,1,11
GFNIKDTY,IYPTNGYT,ARRGAVGRPASFR,,0,13,,1,9
GFNIKDTY,IYPTNGYT,ARRGEYSYDYGYG,,0,13,,1,11
GFNIKDTY,IYPTNGYT,ARRNDWIWWRYDK,,0,13,,1,11
GFNIKDTY,IYPTNGYT,ARRWARRSTYGDS,,0,13,,1,11
GFNIKDTY,IYPTNGYT,ARSRGEAYDTYDY,,0,13,,1,9
GFNIKDTY,IYPTNGYT,ARSRRQIYLEDYA,,0,13,,1,12
GFNIKDTY,IYPTNGYT,ARSYSDPSVAGAY,,0,13,,1,9
GFNIKDTY,IYPTNGYT,ARSYYVAAGGSLD,,0,13,,1,12
GFNIKDTY,IYPTNGYT,ARTLEDRRGRRNE,,0,13,,1,11
GFNIKDTY,IYPTNGYT,ARTPYQTTGKYYD,,0,13,,1,12
GFNIKDTY,IYPTNGYT,ARTSEFDPFTYDY,,0,13,,1,10
GFNIKDTY,IYPTNGYT,ARWTFGGSHGLGW,,0,13,,1,10
GFNIKDTY,IYPTNGYT,ARYGAGSPPRYDH,,0,13,,1,10
GFNIKDTY,IYPTNGYT,ARYGVTDKPADYW,,0,13,,1,10
GFNIKDTY,IYPTNGYT,ARYIGYGLYPYAY,,0,13,,1,8
GFNIKDTY,IYPTNGYT,ARYYGYGDYWFAH,,0,13,,1,9
GFNIKDTY,IYPTNGYT,ASFFGIYYFDHDY,,0,13,,1,10
GFNIKDTY,IYPTNGYT,ASGAPSYYYGMDM,,0,13,,1,10
GFNIKDTY,IYPTNGYT,ASGGIFDYFYTQY,,0,13,,1,11
GFNIKDTY,IYPTNGYT,ASPHPNLSVFGGK,,0,13,,1,13
GFNIKDTY,IYPTNGYT,ASRPGSYYRWTYS,,0,13,,1,12
GFNIKDTY,IYPTNGYT,ASRSSQFDYDHDY,,0,13,,1,10
GFNIKDTY,IYPTNGYT,ASSPGYDAAEESD,,0,13,,1,12
GFNIKDTY,IYPTNGYT,ASSVGDGYEGYWY,,0,13,,1,9
GFNIKDTY,IYPTNGYT,ASYVYSEGLNMDY,,0,13,,1,10
GFNIKDTY,IYPTNGYT,ATILLNGSGSSMS,,0,13,,1,12
GFNIKDTY,IYPTNGYT,ATSYGSLWYDVDY,,0,13,,1,9
GFNIKDTY,IYPTNGYT,AVAGGRGRVLVHA,,0,13,,1,10
GFNIKDTY,IYPTNGYT,AVRYWKMYSSFPG,,0,13,,1,13
GFNIKDTY,IYPTNGYT,AVYHDYGGADMPV,,0,13,,1,11
GFNIKDTY,IYPTNGYT,AWGGYYISAADTY,,0,13,,1,10
GFNIKDTY,IYPTNGYT,DQDPTRYLFLIVY,,0,13,,1,12
GFNIKDTY,IYPTNGYT,DRLGSVYYFPYYY,,0,13,,1,10
GFNIKDTY,IYPTNGYT,ENSAPPIGGSFAG,,0,13,,1,13
GFNIKDTY,IYPTNGYT,FIDGRYPVAYPSL,,0,13,,1,12
GFNIKDTY,IYPTNGYT,FWLDSYEYTLADS,,0,13,,1,12
GFNIKDTY,IYPTNGYT,NYFPRRYAYAPVY,,0,13,,1,10
GFNIKDTY,IYPTNGYT,RPRLDGAIWGYGL,,0,13,,1,13
GFNIKDTY,IYPTNGYT,SRWGGDDALAMDY,,0,13,,1,3
GFNIKDTY,IYPTNGYT,SRWGGDGALAMDY,,0,13,,1,2
GFNIKDTY,IYPTNGYT,SRWGGDGDSAMDY,,0,13,,1,2
GFNIKDTY,IYPTNGYT,SRWGGDVALAMDY,,0,13,,1,3
GFNIKDTY,IYPTNGYT,TFVEGTLYGTSRM,,0,13,,1,12
GFNIKDTY,IYPTNGYT,TGGMYGWAYRQNY,,0,13,,1,11
GFNIKDTY,IYPTNGYT,TNGRGPLYGPSEH,,0,13,,1,12
GFNIKDTY,IYPTNGYT,TNPLREFEGWYIY,,0,13,,1,12
GFNIKDTY,IYPTNGYT,TSYGHNRWGWSAS,,0,13,,1,12
GFNIKDTY,IYPTNGYT,TTPGVKPYYYGWS,,0,13,,1,11
GFNIKDTY,IYPTNGYT,VARSSAGKYGYDY,,0,13,,1,9
GFNIKDTY,IYPTNGYT,VKSPAGLYADDVF,,0,13,,1,13
GFNIKDTY,IYPTNGYT,VSYGGLVYFSFYL,,0,13,,1,11
GFNIKDTY,IYPTNGYT,VWYAYYGDYYSSV,,0,13,,1,11
GFNIKDTY,IYPTNGYT,YFMGGNRMAVGGY,,0,13,,1,10
GFNIKDTY,IYPTNGYT,YTRYNDYPGQNPY,,0,13,,1,11
GFNIKDTY,IYPTNGYT,ARVSLYDGGGFDY,,0,13,,1,10
GFNIKDTY,IYPTNGYT,AREGVTGYYDLDY,,0,13,,1,7
GFNIKDTY,IYPTNGYT,ATSVGGGYSGLDI,,0,13,,1,10
GFNIKDTY,IYPTNGYT,ARLWGADIGVFDY,,0,13,,1,9
GFNIKDTY,IYPTNGYT,ARLWFLYFTGFDV,,0,13,,1,10
GFNIKDTY,IYPTNGYT,APHYWSPYYAMDY,,0,13,,1,8
GFNIKDTY,IYPTNGYT,NAPDSSYDYAMDY,,0,13,,1,8
GFNIKDTY,IYPTNGYT,ARLWDDYDDGLDY,,0,13,,1,9
GFNIKDTY,IYPTNGYT,AARGTGSVDDYDY,,0,13,,1,10
GFNIKDTY,IYPTNGYT,ARDFYYGGTGYVY,,0,13,,1,10
GFNIKDTY,IYPTNGYT,TRDPYYGRYVFDY,,0,13,,1,8
GFNIKDTY,IYPTNGYT,ARLLSYYYYAMDY,,0,13,,1,7
GFNIKDTY,IYPTNGYT,ARLLGHGTDYFDY,,0,13,,1,8
GFNIKDTY,IYPTNGYT,ARLWDGPVGYFDY,,0,13,,1,10
GFNIKDTY,IYPTNGYT,VRIGYYGVWYFDY,,0,13,,1,8
GFNIKDTY,IYPTNGYT,ARAYEGFWYFFDY,,0,13,,1,9
GFNIKDTY,IYPTNGYT,ARGEWANNYGMDY,,0,13,,1,8
GFNIKDTY,IYPTNGYT,ARGGYGGSTYFDY,,0,13,,1,8
GFNIKDTY,IYPTNGYT,ARDRFYDIGDFDY,,0,13,,1,10
GFNIKDTY,IYPTNGYT,TRNYYYWDNYFDY,,0,13,,1,10
GFNIKDTY,IYPTNGYT,ARDLYAVFGTLDY,,0,13,,1,9
GFNIKDTY,IYPTNGYT,ARGSGLRDGHFDV,,0,13,,1,10
GFNIKDTY,IYPTNGYT,NRDGNGGDGLGDY,,0,13,,1,8
GFNIKDTY,IYPTNGYT,AKSNGSFYGTMDY,,0,13,,1,9
GFNIKDTY,IYPTNGYT,ARKGYYYSGYFDY,,0,13,,1,9
GFNIKDTY,IYPTNGYT,AAPSGYSGAGFDY,,0,13,,1,10
GFNIKDTY,IYPTNGYT,ARSFGYYYYGMDY,,0,13,,1,7
GFNIKDTY,IYPTNGYT,NRAGAGSRDYFDY,,0,13,,1,9
GFNIKDTY,IYPTNGYT,ARLRYYYYYGMDY,,0,13,,1,8
GFNIKDTY,IYPTNGYT,VRGGADFYPYFDY,,0,13,,1,8
GFNIKDTY,IYPTNGYT,ARPYYYVYNAMDY,,0,13,,1,8
GFNIKDTY,IYPTNGYT,AAGGGGEPGEFAY,,0,13,,1,10
GFNIKDTY,IYPTNGYT,VRFYYDDYYAMDY,,0,13,,1,6
GFNIKDTY,IYPTNGYT,VRSSYGYYYAMDY,,0,13,,1,7
GFNIKDTY,IYPTNGYT,TRDLNGIYYAMDY,,0,13,,1,7
GFNIKDTY,IYPTNGYT,ARGYYGGSGGMDY,,0,13,,1,8
GFNIKDTY,IYPTNGYT,NRDYGRAWYYFDY,,0,13,,1,8
GFNIKDTY,IYPTNGYT,ARLLENGGNWFDV,,0,13,,1,10
GFNIKDTY,IYPTNGYT,VRGQYYYSQTFDY,,0,13,,1,10
GFNIKDTY,IYPTNGYT,VRGSSTYDYYFDY,,0,13,,1,9
GFNIKDTY,IYPTNGYT,VRRDYYEGGAMDY,,0,13,,1,8
GFNIKDTY,IYPTNGYT,SRGSLYSYYIFDY,,0,13,,1,8
GFNIKDTY,IYPTNGYT,ARPWYGDFRYFDY,,0,13,,1,9
GFNIKDTY,IYPTNGYT,NTQPYYRGYYFDY,,0,13,,1,10
GFNIKDTY,IYPTNGYT,ARGGSSVAGIFAY,,0,13,,1,10
GFNIKDTY,IYPTNGYT,AASAGVYYWAFDY,,0,13,,1,9
GFNIKDTY,IYPTNGYT,AGSSSGVLYTFDY,,0,13,,1,10
GFNIKDTY,IYPTNGYT,VRGRYRDYSYMDV,,0,13,,1,10
GFNIKDTY,IYPTNGYT,ARGLRGWGKYFDY,,0,13,,1,10
GFNIKDTY,IYPTNGYT,ARLFRHGYYGMDY,,0,13,,1,7
GFNIKDTY,IYPTNGYT,ARIYGQAYAYMDY,,0,13,,1,8
GFNIKDTY,IYPTNGYT,AREPGGLYWNFDY,,0,13,,1,9
GFNIKDTY,IYPTNGYT,AREYYGYSYYFDY,,0,13,,1,9
GFNIKDTY,IYPTNGYT,ARDRYNYVIAMDY,,0,13,,1,8
GFNIKDTY,IYPTNGYT,ARTLFSAWGYFDY,,0,13,,1,10
GFNIKDTY,IYPTNGYT,VRDSYYYRYAMNY,,0,13,,1,8
GFNIKDTY,IYPTNGYT,ARDYGGTTYAMDY,,0,13,,1,6
GFNIKDTY,IYPTNGYT,TRVSSYYYYAMDY,,0,13,,1,7
GFNIKDTY,IYPTNGYT,VRQYYYYYAALDY,,0,13,,1,9
GFNIKDTY,IYPTNGYT,ARYIWTGVRSLDY,,0,13,,1,9
GFNIKDTY,IYPTNGYT,TRGYGGYYGAMDY,,0,13,,1,7
GFNIKDTY,IYPTNGYT,VRDYFLLGYSMDY,,0,13,,1,8
GFNIKDTY,IYPTNGYT,TRFDFYWTVFFDY,,0,13,,1,10
GFNIKDTY,IYPTNGYT,ARMLAGLFYDLDY,,0,13,,1,8
GFNIKDTY,IYPTNGYT,AKRYLGHSYYMDY,,0,13,,1,9
GFNIKDTY,IYPTNGYT,ATSYYFGLTGFDY,,0,13,,1,10
GFNIKDTY,IYPTNGYT,ARGSVHYAGYFDY,,0,13,,1,10
GFNIKDTY,IYPTNGYT,SRGGSRYGYWFDY,,0,13,,1,7
GFNIKDTY,IYPTNGYT,AREDGDGYYAMDY,,0,13,,1,4
GFNIKDTY,IYPTNGYT,NRRGFYGGWGFDY,,0,13,,1,8
GFNIKDTY,IYPTNGYT,ARSYYYRGGYFDY,,0,13,,1,10
GFNIKDTY,IYPTNGYT,VRGPFFGIATFDY,,0,13,,1,9
GFNIKDTY,IYPTNGYT,ARETYWYWDYFDV,,0,13,,1,11
GFNIKDTY,IYPTNGYT,TRVGAIWGYWFDY,,0,13,,1,8
GFNIKDTY,IYPTNGYT,AREGYDYYYYFDY,,0,13,,1,7
GFNIKDTY,IYPTNGYT,ARGPEGGDLAFDY,,0,13,,1,8
GFNIKDTY,IYPTNGYT,ARDYYGSSYGMDY,,0,13,,1,8
GFNIKDTY,IYPTNGYT,AREGGGAWFVLDY,,0,13,,1,8
GFNIKDTY,IYPTNGYT,ARDYNYGYGAMDY,,0,13,,1,7
GFNIKDTY,IYPTNGYT,ARDEGHYYGPMDY,,0,13,,1,8
GFNIKDTY,IYPTNGYT,NTKVYGDTYYFDY,,0,13,,1,10
GFNIKDTY,IYPTNGYT,AARGYFNAFGMDY,,0,13,,1,9
GFNIKDTY,IYPTNGYT,ARGGYYGSYAMDY,,0,13,,1,5
GFNIKDTY,IYPTNGYT,ARLISDSYSYYDY,,0,13,,1,9
GFNIKDTY,IYPTNGYT,ARADYYYYYYMDY,,0,13,,1,8
GFNIKDTY,IYPTNGYT,ARREGYFGGRLAY,,0,13,,1,10
GFNIKDTY,IYPTNGYT,ARVSGDYYYYFDY,,0,13,,1,7
GFNIKDTY,IYPTNGYT,ARDRGQARDRFDY,,0,13,,1,9
GFNIKDTY,IYPTNGYT,ARGAFPVLVTMDY,,0,13,,1,9
GFNIKDTY,IYPTNGYT,ARPGFYPGFGFDY,,0,13,,1,9
GFNIKDTY,IYPTNGYT,TRTFYYGSGDFAV,,0,13,,1,11
GFNIKDTY,IYPTNGYT,ARGGGFYYWWFDF,,0,13,,1,9
GFNIKDTY,IYPTNGYT,VRGSSYYDYGFDY,,0,13,,1,9
GFNIKDTY,IYPTNGYT,ARLSGSVATYFDY,,0,13,,1,9
GFNIKDTY,IYPTNGYT,ARGRSYLVVAFDV,,0,13,,1,10
GFNIKDTY,IYPTNGYT,ARRYLPGYSLYDV,,0,13,,1,10
GFNIKDTY,IYPTNGYT,ARSYYWYYGAMDY,,0,13,,1,8
GFNIKDTY,IYPTNGYT,ARSYYYYYHYMDY,,0,13,,1,9
GFNIKDTY,IYPTNGYT,ASSVYYYFYYFDY,,0,13,,1,9
GFNIKDTY,IYPTNGYT,TRQAYGTSDYFDY,,0,13,,1,10
GFNIKDTY,IYPTNGYT,TRSPSFGGNYFDY,,0,13,,1,9
GFNIKDTY,IYPTNGYT,ARVGLGNAGPLDY,,0,13,,1,9
GFNIKDTY,IYPTNGYT,TRSAAVGYGYFDY,,0,13,,1,9
GFNIKDTY,IYPTNGYT,ARLFYGYIRVLDY,,0,13,,1,10
GFNIKDTY,IYPTNGYT,ARDREGHAYDMDY,,0,13,,1,8
GFNIKDTY,IYPTNGYT,ARYGYVAAGEGDY,,0,13,,1,9
GFNIKDTY,IYPTNGYT,ARGGAYDYYYFDY,,0,13,,1,8
GFNIYDTY,IYPYNGGT,ARRGGKYDYSMAY,,0,13,,1,7
GFNIKDTY,IYPTNGYT,ARDGGGYRIYFDY,,0,13,,1,8
GFNIKDTY,IYPTNGYT,ARDGGRYRGYFDY,,0,13,,1,8
GFNIKDTY,IYSSDGST,ARSGGSSYYYYDY,,0,13,,1,7
GFNIKDTY,IYPTNGYT,AREGYYGRYSLDY,,0,13,,1,7
GFNIKDTY,IYPTNGYT,ARDGGGGVSYYSY,,0,13,,1,8
GFNIKDTY,IYPSNGYT,ARSRGSSSYYLEY,,0,13,,1,9
GFNFSDTY,IYPTSGST,ATDYGYYSYAMPY,,0,13,,1,8
GFNIKDTY,IYPTNGYT,ATEYGRGSYSMDY,,0,13,,1,7
GFNIKDTY,IYPTNGYT,ASELGSSSYSFDY,,0,13,,1,9
GFNIKDTY,IYPANGYT,AREEGVYYYYFYY,,0,13,,1,9
GFNIKDTY,IYPTNGYT,ARDGGSGTYYYDY,,0,13,,1,6
GFNISSYW,IYSGSGYT,ARDGGGGYYAYDY,,0,13,,1,5
GFNIKDTY,IYPTNGYT,ARSGGYYHYAYDY,,0,13,,1,6
GFNIKDTY,IYPTNGYT,ARRDSPYSYSFEY,,0,13,,1,10
GFNIKDYW,IDPESGDT,ARDGGGGVYTFSY,,0,13,,1,7
GFNIKYSY,IYPSNGGT,ARDGGRYSYSFEY,,0,13,,1,8
GFNIKDTY,IYPANGYT,ARRGGRYSYSFDY,,0,13,,1,7
GFNIKDTY,IYPTNGYT,ARSGGDSYYYYDY,,0,13,,1,6
GFNIKDTY,IYPTNGYT,AREDIYGYSAMDV,,0,13,,1,8
GFNIKDTY,IYPANGYT,AREGGYSSYSADY,,0,13,,1,7
GFNIKDTY,IYPTNGYT,ARSGGSYHYAMDY,,0,13,,1,5
GFNIKDTY,IYPTNGYT,ATDLGLSYYGVDY,,0,13,,1,9
GFNIKDTY,IYPTNGYT,ARSSGYYHYGLDY,,0,13,,1,8
GFNIKDTY,IYPTNGYT,ARDGGRGSNGYDY,,0,13,,1,7
GFNIKDTY,IDPASGST,ATEGGSYSYSFDY,,0,13,,1,8
GFNIKDTY,IYPTNGYT,ASEGGVSSYSMDY,,0,13,,1,7
GFNIKDTY,IYPTNGYT,ARRGGRYSYSFDY,,0,13,,1,7
GFNIKDYY,IYPSRDYT,ARLGGSGSYAMDV,,0,13,,1,5
GFNIKDTY,IYPSDGST,ARSGGSSYYYYDY,,0,13,,1,7
GFNIKDTY,IYPTNGYT,ARSRGSSYYYYDY,,0,13,,1,8
GFNVKDTY,IYPANGYT,ASSGGSSNYYYDY,,0,13,,1,8
GFNIKDTY,IYPTNGYT,AREGGVSYYYFYY,,0,13,,1,8
GFNIKDTY,IYPEDGST,ARSSGRYFYAYVY,,0,13,,1,7
GFNIKDTY,IYPTNGYT,ARDRGVRRYAFDY,,0,13,,1,7
GFNIKDTY,IYPTNGYT,AREEGVYSYSVDV,,0,13,,1,9
GFNIKDTY,IYPTNGYT,SRYHYSGGTAFDY,,0,13,,1,7
GFNIKGTY,IYPSNGYT,ARRGRRYTYSYDV,,0,13,,1,9
GFNIKDTY,IYPTNGYT,AREGRRYDYYYAY,,0,13,,1,9
GFNIKDTY,IYPTNGYT,AREEGRSSYAMDY,,0,13,,1,6
GFNIKDTY,IDPANGST,ATESGSTSYALDV,,0,13,,1,9
GFNIKDTY,IYPTNGYT,ARRLGRYSYYFSV,,0,13,,1,10
GFNIKDYY,ISPYYGST,AREGGEGYYAMDY,,0,13,,1,4
GFNIKDTY,IYPTNGYT,AVSYSYYSSYYPY,,0,13,,1,12
GFNIKDSY,IYPKDGST,ARSGGSYYYGMDY,,0,13,,1,6
GFNIKDTY,IYPTNGYT,ARRGGRYTYGFDY,,0,13,,1,7
GFNIKDTY,IYPTSGYT,ARSGGRYFYYYDY,,0,13,,1,6
GFNISDTY,IYPRIGST,AREGYYGRYSLDY,,0,13,,1,7
GFNIKDTS,IYPTNGYT,ASEGGYSSYAMDY,,0,13,,1,6
GFNIKDTY,IYPTNGYT,ASDYGSSSYSYDY,,0,13,,1,9
GFNIKDTY,IYPSDSYT,ASAGGSSYYSYDY,,0,13,,1,8
GFNIKDTY,IYPTNGYT,ARSGGSSSYYYDY,,0,13,,1,7
GFNIKDTY,IYPSNGYT,ASSGGSSNYYYDY,,0,13,,1,8
GFNIKDTY,IYPSNGYT,ARRYGSGYYYYDY,,0,13,,1,7
GFNIKDTY,IYPTNGYT,ARSGGYYHGAYDY,,0,13,,1,7
GFNIKDTY,IYPTNGYT,AREGGVGYYYFYY,,0,13,,1,7
GFNISDTY,IYPGIGST,ARRDYSGIGSLDY,,0,13,,1,9
GFNIKDTY,IYPTNGYT,ARDGGRYYYYFDY,,0,13,,1,7
GFNIKDTY,IYPTNGYT,ARDLGVGSYGMDV,,0,13,,1,7
GFNIKDTY,IYPTNGYT,ARETGDGYYYYDY,,0,13,,1,6
GFNIKDTY,IYPTNGYT,ATEYGYSSYYADY,,0,13,,1,9
GFNISYYW,IYPRSGYT,ARDGGSGTYYFDY,,0,13,,1,6
GFNIKDTY,IYPTNGYT,AREGGYGYYSFDY,,0,13,,1,6
GFNIKDTY,IYPTNGYT,ANSGGSSYYSYNY,,0,13,,1,9
GFNIKDTY,IYPTNGYT,ARSGGSSYYSYRY,,0,13,,1,8
GFNIKDTY,IDPANGYT,ASEGSSSSYSFDY,,0,13,,1,9
GFNIKDTY,IYPTNGYT,ASEGGSSSYYMDY,,0,13,,1,7
GFNIKDTY,IYPTNGYT,AREGGSYSYYMDY,,0,13,,1,6
GFNIKDTY,IYPTNGYT,ARDYGSSYYYFDY,,0,13,,1,8
GFNIKDTY,IDSAYGST,ARSSGYYYYAYDY,,0,13,,1,7
GFNIKDTY,IYPTNGYT,ARKGGYGSNAMDV,,0,13,,1,6
GFNIKDTY,IYPTNGYT,AREGGYYSYTYDY,,0,13,,1,7
GFNIKDTY,IYPTNGYT,ATDLGYYSYAMDY,,0,13,,1,7
GFNIKDTY,IYPTNGYT,ARDGGVYRRYFDY,,0,13,,1,8
GFNISDYY,IYPSYGYT,ARDEGYGVYGMGY,,0,13,,1,7
GFNIKDTY,IYPANGYT,ARVGGRSFYSFDY,,0,13,,1,6
GFNIKDTS,IYPTNGYT,AREGGYSNYSFDY,,0,13,,1,7
GFNIKDTY,IYPTNGYT,ARERGRSYYYFAY,,0,13,,1,9
GFNIKYTY,IYSYDGST,ARSGGYYHYAYDY,,0,13,,1,6
GFNIKSTY,IYPTNGYT,ASDYGSGYYYFDY,,0,13,,1,8
GFNIKDTY,IYPTNGYT,ASDIGSYYTAMPY,,0,13,,1,9
GFNIKDTY,IYPTNGYT,ARSGGSYYYAYDY,,0,13,,1,6
GFNISDYY,IYPEIGAT,SRYSSSGYHAFDY,,0,13,,1,7
GFNIKDYA,IIPRYGYT,ARDLGRGSRGFDY,,0,13,,1,8
GFNISYYY,IYPRSGYT,ARDGGSGYGAFDY,,0,13,,1,6
GFNIKDTY,IYPTNGYT,ARRGYRGRGSYDY,,0,13,,1,8
GFNIKDTW,IYPENGST,AREEVRGLGALDY,,0,13,,1,8
GFNISDYW,IYPKYGTT,ARDGGGGMSYYDY,,0,13,,1,7
GFNIKDTY,IYPASDYT,ASSGGDSDYYYAY,,0,13,,1,8
GFNIKDTY,IYPTNGYT,AREGGSGSYSFDY,,0,13,,1,6
GFNIKDTY,IYPTNGYT,AREDREGYYAMSV,,0,13,,1,8
GFNIKDTY,IYPTNGYT,ASEGGAYSYAMDY,,0,13,,1,6
GFNIKDTY,IYPTDGYT,ARRGGSSNYYYDY,,0,13,,1,7
GFNIKDTY,IYPTNGYT,ASSGGSGNYYYDY,,0,13,,1,7
GFNIKDTY,IYPTNGYT,ARESGSGYYGMDY,,0,13,,1,6
GFNIKDTY,IYPTNGYT,ARRRYRYSSSFEY,,0,13,,1,11
GFNIKDTS,ISPYSGST,ASDLGRYSYMMDY,,0,13,,1,8
GFNVKDTY,IDPANGYT,ATDGGIAMYSADY,,0,13,,1,8
GFNIKDTY,IYPTNGYT,ARRGGYGYYYYDY,,0,13,,1,6
GFNIKYYW,IYPYSGYT,ARDGGGGVYAFSY,,0,13,,1,6
GFNIKDTY,IYPTNGYT,ARRDGYYNYYFAY,,0,13,,1,9
GFNIKDTY,IYPTNGYT,AVEEGYYYYGLPY,,0,13,,1,10
GFNIKDTY,IYPTNGYT,ARSGGSSYYYYEY,,0,13,,1,8
GFNIKDTY,IYPTNGYT,ARRRGSGYYYFDY,,0,13,,1,7
GFNIKDTY,IYPTNGYT,ARDGGRYYGYYDY,,0,13,,1,8
GFNIKDTY,IYPTNGYT,ARSSGYYYGGYDY,,0,13,,1,9
GFNIKDTY,IYPTNGYT,AREGGVGLRYFYY,,0,13,,1,8
GFNIKDTY,IYPTNGYT,ARLGGRYNYYFDY,,0,13,,1,7
GFNIKDTY,IYPTNGYT,AVRGYYYSSSFYV,,0,13,,1,12
GFNIKDTY,IDPENGST,ARESGRYYYGLDY,,0,13,,1,8
GFNIKDTY,ISPAKGYT,ATEGGSSNYAMDY,,0,13,,1,6
GFNVKDTY,IYPSDGYT,ARSGGSSYYSYEY,,0,13,,1,8
GFNIKDTY,IYPTNGYT,SRSGGRYHYAYDY,,0,13,,1,5
GFNIKDTY,IDPYNGST,ARSGGRYYYGFDY,,0,13,,1,7
GFNIKDTY,IYPYGGST,ARSGGYYYYGFDY,,0,13,,1,7
GFNISDNW,IYSSNGST,ARKGYRGRYDYDY,,0,13,,1,7
GFNIKDTY,IYPTNGYT,ARDGGRYHYAYEY,,0,13,,1,7
GFNIKDTY,ISPASGTT,ATDGGSSSYAMDY,,0,13,,1,6
GFNIKDYY,IYPSNDYT,ARDEGRGSYNMGS,,0,13,,1,8
GFNIKDTY,IYPSNGYT,ARRDGYYNYSFDY,,0,13,,1,8
GFNIKDTY,IYPTNGYT,ARERGSGYYGFDY,,0,13,,1,7
GFNIKDSY,IYPANGYT,ASRGGSSYYYYSY,,0,13,,1,9
GFNIKDTY,IYPTSGYT,ASEGSSSSYSMDY,,0,13,,1,8
GFNIKDTY,IYPTNGYT,ARQGGTAYYAYAY,,0,13,,1,7
GFNIKDTY,IYPTNGYT,ARKEYYGRGYLDY,,0,13,,1,9
GFNIKDTY,IYPTNGYT,ARDGGRYRNYFDY,,0,13,,1,8
GFNISSYY,IYPSNGYT,ARLDGRGRYSMSV,,0,13,,1,8
GFNISSYW,IYPEIGAT,SRYGSSGYHAFRY,,0,13,,1,7
GFNIKDTY,IYPTNGYT,ARDGGYGSNTMDV,,0,13,,1,7
GFNIKDTY,IYPTNGYT,ARDGGVYYYYFDY,,0,13,,1,7
GFNIKDTY,IYPTNGYT,ATDYYRYSTSADY,,0,13,,1,11
GFNIKDHS,ISPNSGST,AIDLGRYSYSMDV,,0,13,,1,9
GFNISDYY,IYPYSGYT,ARDGGGGYGYFAY,,0,13,,1,8
GFNIKDTY,IYPTNGYT,AIEYGDYSTGLPY,,0,13,,1,10
GFNIKDTY,IYPTNGYT,ARSGGRYHYAFDY,,0,13,,1,6
GFNIKDTY,IYPANGYT,ASEGLYGSYSFDY,,0,13,,1,8
GFNIKDTY,IYPTNGYT,ARRDGSYSYSYDY,,0,13,,1,8
GFNISDYY,IYPRYGNT,ARDGGVGRYSMDV,,0,13,,1,6
GFNIKDTY,IYPTNGYT,ATEYGYYSYGADY,,0,13,,1,9
GFNIKDTY,IDPASGYT,ARDGDSSNYYMDY,,0,13,,1,7
GFNIKDTY,ISPYYGST,ARSSGSSHYGYDY,,0,13,,1,8
GFNIKDYW,IDPENGAT,SRYSYYGGHAFDY,,0,13,,1,7
GFSIKDTY,IYPANGYT,ARDGLESSYSFDY,,0,13,,1,8
GFNIKDTW,IYPSSGST,AVEIGEYSTSPAY,,0,13,,1,11
GFNIKDTY,IYPTNGYT,ATSGGSSYYSYDY,,0,13,,1,8
GFNLKDTY,IDPANGYT,ASEGGEDYYSADY,,0,13,,1,8
GFNIKDTY,IYPTNGYT,ARSGGSYYYYFDY,,0,13,,1,7
GFNIKDTS,IYPSSGST,ATEGGSYSTAYDY,,0,13,,1,8
GFNIKDTY,IYPTNGYT,ARSRGYYHYGLDY,,0,13,,1,8
GFNIKDTY,IYPTNGYT,ARDGGGDMNYFAY,,0,13,,1,9
GFNIKDTY,IYPTNGYT,TIEGSYYSTYFDY,,0,13,,1,10
GFNIKDTY,IYPTNGYT,ARKDIYGYYSMDV,,0,13,,1,8
GFNIKDTY,IYPTNGYT,ATDGGYYSYSMDY,,0,13,,1,7
GFNIKDTY,IDPANGYT,ARKGGRGYYAYDY,,0,13,,1,5
GFNIKDTY,IYPTNGYT,ARRRGRYSYSYDY,,0,13,,1,8
GFNIKDTY,IYPASGST,AIDYGSYSYAMPY,,0,13,,1,8
GFNIKDTY,IYPTNGYT,ASSGGSSSYYYDY,,0,13,,1,8
GFNIKDTY,IYPTNGYT,SRYSSSGGTAFDY,,0,13,,1,7
GFNIKDTY,IYPTNGYT,ATSGGSSNYYYDY,,0,13,,1,8
GFNIKDNY,IDPANGYT,AVEEGYYSSSYAY,,0,13,,1,11
GFNIKDTY,IYPTNGYT,TTEIGEYSTAMPY,,0,13,,1,9
GFNIKDSY,IYPSDGYT,AVSGGSSNYAYDY,,0,13,,1,7
GFNIKDTY,IYPTNGYT,ATDSGIYSWGFDV,,0,13,,1,11
GFNIKDTY,IYPYNGAT,ATAGGSSYYYYDY,,0,13,,1,8
GFNIKDTY,IYPTNGYT,ARRTGSYNYSFDV,,0,13,,1,9
GFNIKDTY,IYPADGYT,ASSGGSSNYYYDY,,0,13,,1,8
GFNIKDTY,IYPTNGYT,ASDGGSSTYSYDY,,0,13,,1,8
GFNIKDTY,IYPTNGYT,ARRSGSHHYGFDY,,0,13,,1,8
GFNIKDYS,IYPSSGYT,ARDGGYYVYAMDV,,0,13,,1,6
GFNIKDTY,IYPTNGYT,ARGGGVGSRGLDY,,0,13,,1,7
GFNISDYW,IYPRYSTT,ARDGGVGRRYFDY,,0,13,,1,7
GFNIKDTY,IYPTSGYT,AIDYGSYSTSMPY,,0,13,,1,10
GFNIKDTY,IYPTNGYT,AVEGGSSSYAFDY,,0,13,,1,7
GFNIKDSY,IYPSNGGT,ARRGRRYSYSFDV,,0,13,,1,9
GFNIKDTY,IYPTNGYT,AREGIIGRSSLEY,,0,13,,1,9
GFNISDYW,IYPGRGST,ARKGISGSYAMDV,,0,13,,1,6
GFNIKDTY,IYPTNGYT,AREGGRYRYYYDY,,0,13,,1,7
GFNIKDTY,IYPTNGYT,ARSGGSSNYYYDY,,0,13,,1,7
GFNIKDYY,IYPSYGYT,ARGEGRGSYSSDY,,0,13,,1,7
GFNIKDTY,IYPTNGYT,AREIGVGYYYFAY,,0,13,,1,8
GFNIKYTY,IYSYDGST,AREGGSSYYGMDY,,0,13,,1,6
GFNIKDTY,IYPTNGYT,AREYGRYAYYFDY,,0,13,,1,8
GFNIKSTW,IYPSDGYT,ASDGGSSYYSYEY,,0,13,,1,9
GFNIKDTY,IYPSNDYT,ASEGGGGNYSMDY,,0,13,,1,6
GFNIKDTY,IYPTNGYT,ARDRGGSVYAFDY,,0,13,,1,7
GFNISDTW,IYPRFGTT,ARDGGRGRYYFDY,,0,13,,1,6
GFNIKDTY,IYPTNGYT,ATEGGEYSTAFPY,,0,13,,1,9
GFNIKDTY,IYPTNGYT,ATEGGSSSYAADY,,0,13,,1,7
GFNIKDTY,IYPTNGYT,ATEGGSNSYSYDY,,0,13,,1,8
GFNIKDTY,IYPTNGYT,ATELGYYSTAFAY,,0,13,,1,10
GFNIKDTS,IDPANGYT,AREGGVGYYYYDY,,0,13,,1,6
GFNIKDTY,IYPTNGYT,ARVGGSGYYSYDY,,0,13,,1,6
GFNIKDTY,IYPSSGYT,AVEGGYYSYSFDY,,0,13,,1,8
GFNIKDTY,IDPENGYT,ARRGGRGYYYYDY,,0,13,,1,6
GFNIKDTY,ILPENDYT,ARRGGSYYYYYDY,,0,13,,1,7
GFNIKDTY,IYPTNGYT,ARARGSTEGAFDY,,0,13,,1,8
GFNIKDTY,IYPTNGYT,ARSSGYYYYGYDY,,0,13,,1,8
GFNIKDTY,IYPTNGYT,ARRTGYYTYSLEY,,0,13,,1,9
GFNIKDTY,IYPTNGYT,ARDGGVGYRYFDY,,0,13,,1,7
GFNIKDTY,IYPTNGYT,ARRGGRAYYAYDY,,0,13,,1,6
GFNIKDTY,IYPANGYT,ARRGGYGYYYYDY,,0,13,,1,6
GFNIKDTY,IYPTNGYT,ASSGGRSYYYYDY,,0,13,,1,8
GFNIKDTY,IYPTNGYT,AIDLGLYSTSADY,,0,13,,1,10
GFNISDYY,IYPGSGYT,ARDEGEHSYSFDV,,0,13,,1,9
GFNIKDTY,IYPTNGYT,ARRGGSSYYYFDY,,0,13,,1,7
GFNIKGSW,IYPSNGYT,ARRGRRYTYSYDV,,0,13,,1,9
GFNIKDTY,IYPTNGYT,ARRGYYYSSSFAY,,0,13,,1,10
GFNIKYTY,IDPYSGST,ARSSGYYHYAFDY,,0,13,,1,7
GFNIKDTY,IYPTNGYT,ARKDYYGRSSLLY,,0,13,,1,10
GFNVKDTY,IYPANGYT,ASEGGSSYYAADY,,0,13,,1,7
GFNISDTY,IYPGIGNT,AREENYGRRSFDY,,0,13,,1,9
GFNIKDTY,IYPTNGYT,AREGIRGRYSLDY,,0,13,,1,7
GFNIKDTY,IYPTNGYT,ARRRYRYDYSYDY,,0,13,,1,9
GFNIKDTY,IYPTNGYT,ARRGGSGYYYYDY,,0,13,,1,6
GFNIKDYS,IYPTNGYT,ARMRGSSWYAADY,,0,13,,1,7
GFNISDTY,IYPRIGTT,AREEYTGRGSLEY,,0,13,,1,10
GFNIKDTY,IYPTNGYT,ARRGRRYTYSFDV,,0,13,,1,9
GFNIKDTY,IYPTNGYT,ASEYGSSSYSADY,,0,13,,1,9
GFNIKDTY,IDPANGYT,ASEGGGSSSSFTY,,0,13,,1,10
GFNIKDTS,IDPANGYT,ARRGGYGYYSYDY,,0,13,,1,6
GFNIKSTW,IYSADGYT,ASAGGSSYYSYQY,,0,13,,1,9
GFNIKDTY,IYPTNGYT,ASSGGSSYYAYEY,,0,13,,1,8
GFNIKDTY,IYPTNGYT,ATEGGSSSYAYDY,,0,13,,1,7
GFNIKDTY,IYPTNGYT,ARDGGGGVGGYDY,,0,13,,1,7
GFNIKDSY,ISPANGST,AIDGSLSSYAFDV,,0,13,,1,9
GFNFKDTS,IDPANGNT,ASEGGSSSYSFDY,,0,13,,1,8
GFNIKDTY,IYPTNGYT,ASEGGSSSYSMDY,,0,13,,1,7
GFNIKDTY,IDPANGYT,AREGGRNWYAMDY,,0,13,,1,5
GFNISDYY,IYPGTGYT,ARDGGRDINYLDY,,0,13,,1,8
GFNIKDTY,IYPANGYT,AREGGRYYYYFYY,,0,13,,1,8
GFNIKDTY,IYPTNGYT,ARDEGSYVYGMGV,,0,13,,1,9
GFNIKDTY,IYPTNGYT,AIEGGRYSTAFPY,,0,13,,1,9
GFNISDYW,IYPENGST,SRYSYYGGSAFDY,,0,13,,1,7
GFNIKDTY,IYPTNGYT,ARSGGSSSYYYTY,,0,13,,1,8
GFNIKDTY,IYPTNGYT,ARSGGSYSYYFDY,,0,13,,1,7
GFNIKDTY,IYPTNGYT,ARDGGVGDYSLDY,,0,13,,1,6
GFNIKDTY,IYPTNGYT,ASESGYYSYSFDY,,0,13,,1,9
GFNIKDTH,IYPANGYT,AREGSRGYYYFYY,,0,13,,1,8
GFNIKDTY,IYPTNGYT,ASSGGSSNYYYNY,,0,13,,1,9
GFNIKDTW,IYPANGYT,ARETTRYTYSYEY,,0,13,,1,10
GFNIKDTY,IYPTNGYT,ARKGGSGRYAMDV,,0,13,,1,5
GFNIKDTY,IYPTNGYT,ARSSGRYYYYFTY,,0,13,,1,9
GFNIKDTY,IYPTNGYT,ASEGGSSMYSMDY,,0,13,,1,7
GFNIKDTY,IYPTNGYT,AREEGSSTYAMAY,,0,13,,1,7
GFNIKDTY,IYPTSGYT,AREGGSSTYYFYY,,0,13,,1,8
GFNIKDTY,IYPTNGYT,ATDGGSSDYAADY,,0,13,,1,7
GFNIKDTY,IDPANGYT,ASEGGSGSGSADY,,0,13,,1,8
GFNIKDTY,IDPANGYT,AREGGRSSYYFDY,,0,13,,1,7
GFNIKDTY,IYPTNGYT,AREGGRNDYAMDY,,0,13,,1,5
GFNIKDTY,IDPEDGYT,ARKGGRAYYYYDY,,0,13,,1,7
GFNIKDTY,IYPTNGYT,ARKGGRAYYSYDY,,0,13,,1,7
GFNIKDTY,IYPTNGYT,AREGRSGSYSFEV,,0,13,,1,9
GFNIKDTY,IYPTNGYT,AREGYYGRGSLDY,,0,13,,1,8
GFNIKDFY,IDPRDGST,SRYGYSGRTAFDY,,0,13,,1,6
GFNIKDTY,IYPTNGYT,ARDDGYGRYSMDV,,0,13,,1,7
GFNIKDTY,IYPTNGYT,AREGGSNYYAMDY,,0,13,,1,5
GFNIKDTY,IYPTNGYT,ARDGGYYRSYFDY,,0,13,,1,8
GFNIKDSW,IYPDVGST,ARYSDSGGTAFSY,,0,13,,1,9
GFNIKDTY,IDPANGYT,ATSYGSSSWWFDY,,0,13,,1,10
GFNIKDTY,IYPTNGYT,ARDRGRRSNAMDV,,0,13,,1,8
GFNIKDTY,IDPADGST,ASAGGSSYYYYNY,,0,13,,1,9
GFNIKDYW,IYPERGYT,ARRDNYGTYAMEV,,0,13,,1,8
GFNIKDTY,IYPTNGYT,AREGGMGYYAYDY,,0,13,,1,5
GFNIKDTY,IYPSDGST,ASSGGSSSYYYSY,,0,13,,1,9
GFNIKYTY,IDPYSGST,ARSSGYYTYAFDY,,0,13,,1,7
GFNIKDTY,IYPTNGYT,ARRHTSGSNGFDV,,0,13,,1,10
GFNIKDTY,IYPSDGYT,AVRGGSSYYYYEY,,0,13,,1,9
GFNIKDTY,IYPTNGYT,ARTGGSSNYSYDY,,0,13,,1,7
GFNIKDTY,IDPANGYT,ASEGGSSSYSYDY,,0,13,,1,8
GFNIKDTY,IDPENGST,ARSSGYYHYGFVY,,0,13,,1,9
GFNIKDTY,IYPANGYT,ARSGGYYYYYYYY,,0,13,,1,8
GFNVKGSY,IYPSNGYT,ARSGGSSYYYYDY,,0,13,,1,7
GFNIKDTY,IYPTNGYT,ARDGGYYRYAMDY,,0,13,,1,5
GFNISSYW,IYPSYGYT,ARKEISGRYAMEV,,0,13,,1,8
GFNIKDTY,IYPTNGYT,ARDGGSGYGAYDY,,0,13,,1,6
GFNVKDTY,IYPANGYT,ASSGGSSYYYYDY,,0,13,,1,8
GFNIKDTY,IYPTNGYT,AVDGHIYSTYFDV,,0,13,,1,11
GFNISDYY,IYPSYGYT,ARDGGRRSNGMDY,,0,13,,1,7
GFNIKDTY,IYPTNGYT,AREGGSSSYSFDY,,0,13,,1,7
GFNIKDTY,IYPTNGYT,AREEGRSFIALDY,,0,13,,1,7
GFNISDYW,IYPGNGST,AREGYYGRYALDY,,0,13,,1,6
GFNISDYW,IYPKYGIT,ARDGGVGRRYFDY,,0,13,,1,7
GFNIKDTY,IYAYSGST,ARSGGYYHYAYDY,,0,13,,1,6
GFNIKDTY,IYPTNGYT,ARRGGRSYYYYDY,,0,13,,1,7
GFNIKDTY,IYPTNGYT,TREAYYGRASLDY,,0,13,,1,9
GFNIKDTY,IYPTNGYT,ASEGGSSTYAFDY,,0,13,,1,7
GFNIKDTY,IYPTNGYT,ARSSGRTSGGYDY,,0,13,,1,9
GFNIKDTY,IYPTNGYT,AREGGSSYYAMDY,,0,13,,1,5
GFNIKDTY,IYPTNGYT,AREGLRGRSSLDY,,0,13,,1,8
GFNIKDTY,IYPTNGYT,AREHYSGRGYFDY,,0,13,,1,9
GFNISDNY,IYPSNGYT,ARESSSGSYAMEV,,0,13,,1,8
GFNIKDTY,IDPANGYT,ASEYGYDYYAMDY,,0,13,,1,7
GFNIKDTY,IYPTNGYT,ARKGISGIGSLDY,,0,13,,1,8
GFNIKDTY,IYPYSGST,ARSSGYYYYGMDY,,0,13,,1,7
GFNIKDTY,IYPTNGYT,ARVGGRAYYYYDY,,0,13,,1,7
GFNIKDTY,IYPTNGYT,AREGIRGIGSLLY,,0,13,,1,9
GFNIKDSY,IYPRNGYT,ARSGRSYYYSYAY,,0,13,,1,9
GFNIKDTY,IYPSDGYT,AVRGGSGYYYYDY,,0,13,,1,7
GFNIKDTY,IYPTNGYT,ASEGGYSNYGMDY,,0,13,,1,7
GFNIKDTY,IYPTNGYT,ATEGGYYSSAAPY,,0,13,,1,9
GFNIKDTY,IYPRSGST,AIDGGYYSYAMDY,,0,13,,1,6
GFNIKDSY,IYPSNGGT,AVAGFPYNYSFDY,,0,13,,1,9
GFNIKDTW,IYPSNGYT,ARRGGSSYYYYEY,,0,13,,1,8
GFNVKDTY,IYPEDGYT,ARSGGSSNYYYDY,,0,13,,1,7
GFNIKDYW,IYPENGST,ARYSYSGGNAFDY,,0,13,,1,8
GFNIKDTY,IYPTNGYT,ARDGGGYLRYFDY,,0,13,,1,8
GFNIKDTY,IYPTNGYT,ARDEGYGSYGMDY,,0,13,,1,6
GFNISDYY,IYPDNGST,TRYGYSGYGAFDY,,0,13,,1,7
GFNIKDTY,IYPTSGYT,ARSYGSSYYYFDY,,0,13,,1,8
GFNIKDTY,IDPASGYT,ASEGGSSNYAFDY,,0,13,,1,7
GFNIKDTY,IYPTNGYT,AVEGGRYSYSLPY,,0,13,,1,9
GFNIKDTY,IYPTNGYT,ARTGVYMYYFDI,,0,12,,0,-1
GFNIKDTY,IYPTNGYT,TGTYYQGGNAYD,,0,12,,0,-1
GFNIKDTY,IYPTNGYT,NASGRYYAYYYG,,0,12,,0,-1
GFNIKDTY,IYPTNGYT,AREIQDSYYYYD,,0,12,,0,-1
GFNIKDTY,IYPTNGYT,ISDYGDVYYVPY,,0,12,,0,-1
GFNIKDTY,IYPTNGYT,AKEGYDYYGYYN,,0,12,,0,-1
GFNIKDTY,IYPTNGYT,ARFDGGSVWDST,,0,12,,0,-1
GFNIKDTY,IYPTNGYT,AAMAFYMWYVMD,,0,12,,0,-1
GFNIKDTY,IYPTNGYT,VRGSSGGRLWYD,,0,12,,0,-1
GFNIKDTY,IYPTNGYT,KSNYGDAQRMVD,,0,12,,0,-1
GFNIKDTY,IYPTNGYT,AREDRGNGGGYH,,0,12,,0,-1
GFNIKDTY,IYPTNGYT,ARTATGFYRDAY,,0,12,,0,-1
GFNIKDTY,IYPTNGYT,IMTPFDVPYFDN,,0,12,,0,-1
GFNIKDTY,IYPTNGYT,SADVHYDPQDRY,,0,12,,0,-1
GFNIKDTY,IYPTNGYT,VRWGDAYDDYGV,,0,12,,0,-1
GFNIKDTY,IYPTNGYT,GTGGLGGSLRRD,,0,12,,0,-1
GFNIKDTY,IYPTNGYT,STSGRGGMYAIL,,0,12,,0,-1
GFNIKDTY,IYPTNGYT,NAYSGGDFDVYG,,0,12,,0,-1
GFNIKDTY,IYPTNGYT,ARRYVGGLDYYY,,0,12,,0,-1
GFNIKDTY,IYPTNGYT,ARGYWEDFGEYY,,0,12,,0,-1
GFNIKDTY,IYPTNGYT,NYGFGYGYYPLS,,0,12,,0,-1
GFNIKDTY,IYPTNGYT,TTSGTAVHHADV,,0,12,,0,-1
GFNIKDTY,IYPTNGYT,GRNGELARSVDN,,0,12,,0,-1
GFNIKDTY,IYPTNGYT,AVGGFAQWYASA,,0,12,,0,-1
GFNIKDTY,IYPTNGYT,SRTAGSGPPNWR,,0,12,,0,-1
GFNIKDTY,IYPTNGYT,SAPLFDSSGVAW,,0,12,,0,-1
GFNIKDTY,IYPTNGYT,ARSGEGWYLDKY,,0,12,,0,-1
GFNIKDTY,IYPTNGYT,ARETDRGGDYYP,,0,12,,0,-1
GFNIKDTY,IYPTNGYT,ARGRDQYYGWGI,,0,12,,0,-1
GFNIKDTY,IYPTNGYT,MAVGYRLSYRND,,0,12,,0,-1
GFNIKDTY,IYPTNGYT,HYIGEGGYYAMG,,0,12,,0,-1
GFNIKDTY,IYPTNGYT,ARQYYYSAAMDY,,0,12,,0,-1
GFNIKDTY,IYPTNGYT,AAALYAADGSAA,,0,12,,0,-1
GFNIKDTY,IYPTNGYT,AAGVVGPSYTTY,,0,12,,0,-1
GFNIKDTY,IYPTNGYT,ADYMGPVSYYDG,,0,12,,0,-1
GFNIKDTY,IYPTNGYT,AGYNPYNYAFGP,,0,12,,0,-1
GFNIKDTY,IYPTNGYT,AIGGPAFPAYWL,,0,12,,0,-1
GFNIKDTY,IYPTNGYT,AKRRGVALYAGY,,0,12,,0,-1
GFNIKDTY,IYPTNGYT,ANWYGRGGSWHG,,0,12,,0,-1
GFNIKDTY,IYPTNGYT,ARFYSNLGYAGI,,0,12,,0,-1
GFNIKDTY,IYPTNGYT,TYRGFYGSLRNAYGMDY,,0,17,,0,-1
GFNIKDTY,IYPTNGYT,AREWAYYGLYYYYLMDY,,0,17,,0,-1
GFNIKDTY,IYPTNGYT,AGSGGHGVQSYHFAY,,0,15,,0,-1
GFNIKDTY,IYPTNGYT,AVRDPWYYYYGAMDY,,0,15,,0,-1
GFNIKDTY,IYPTNGYT,AREETIVTFYAGFDY,,0,15,,0,-1
GFNIKDTY,IYPTNGYT,ARWGAGGVGLSLMQY,,0,15,,0,-1
GFNIKDTY,IYPTNGYT,ARLWAGGADTYSVVW,,0,15,,0,-1
GFNIKDTY,IYPTNGYT,ATWIGYGKTRFSDGY,,0,15,,0,-1
GFNIKDTY,IYPTNGYT,NEWDADDNGRAGSYY,,0,15,,0,-1
GFNIKDTY,IYPTNGYT,ARNSGQVGGDHIRYD,,0,15,,0,-1
GFNIKDTY,IYPTNGYT,IRWPLDIYVRAASDY,,0,15,,0,-1
GFNIKDTY,IYPTNGYT,AGTRDGGRTWDRVNN,,0,15,,0,-1
GFNIKDTY,IYPTNGYT,ANFGDGSYHILRPGV,,0,15,,0,-1
GFNIKDTY,IYPTNGYT,ARDNIPYPLGLPFDN,,0,15,,0,-1
GFNIKDTY,IYPTNGYT,ARDRGYYGTNRIDAS,,0,15,,0,-1
GFNIKDTY,IYPTNGYT,ARITRSVFGSTEWYP,,0,15,,0,-1
GFNIKDTY,IYPTNGYT,ARKVPTYGLMEGWDG,,0,15,,0,-1
GFNIKDTY,IYPTNGYT,ARLTWGRWSNMGDDY,,0,15,,0,-1
GFNIKDTY,IYPTNGYT,ARVDREEDLNPYGGY,,0,15,,0,-1
GFNIKDTY,IYPTNGYT,ARWYATDSDNDYHPY,,0,15,,0,-1
GFNIKDTY,IYPTNGYT,ASNGDFAYHSGSLYF,,0,15,,0,-1
GFNIKDTY,IYPTNGYT,ASYWWYYDYYWVKRY,,0,15,,0,-1
GFNIKDTY,IYPTNGYT,ATDMGVADDWDNQFK,,0,15,,0,-1
GFNIKDTY,IYPTNGYT,AYYDDLYYRGGDGYY,,0,15,,0,-1
GFNIKDTY,IYPTNGYT,GARKPNDVVESGVAE,,0,15,,0,-1
GFNIKDTY,IYPTNGYT,GSGTSADDSWYYNAK,,0,15,,0,-1
GFNIKDTY,IYPTNGYT,SRYYGWYYNYDVSDY,,0,15,,0,-1
GFNIKDTY,IYPTNGYT,VTNKGFYVYGSHYER,,0,15,,0,-1
GFNIKDTY,IYPTNGYT,YYRDGVGPEYPYDYS,,0,15,,0,-1
GFNIKDTY,IYPTNGYT,VREGSGTLVLSDVRY,,0,15,,0,-1
GFNIKDTY,IYPTNGYT,ARGVGHDGRDGFFDY,,0,15,,0,-1
GFNIKDTY,IYPTNGYT,ARGPSGSGASYAMDY,,0,15,,0,-1
GFNIKDTY,IYPTNGYT,ARGEHGYFYSWAMDY,,0,15,,0,-1
GFNIKDTY,IYPTNGYT,ARGYYYDYYYYAMDY,,0,15,,0,-1
GFNIKDTY,IYPTNGYT,AREVGRYDPGGYFDY,,0,15,,0,-1
GFNIKDTY,IYPTNGYT,ARDSEDYGYGGYFDY,,0,15,,0,-1
GFNIKDTY,IYPTNGYT,ARDPYHMMDY,,0,10,,0,-1
GFNIKDTY,IYPTNGYT,ARGFDYGFLY,,0,10,,0,-1
GFNIKDTY,IYPTNGYT,ARAGDYGMDV,,0,10,,0,-1
GFNIKDTY,IYPTNGYT,ASEGGSSSYAMDY,,0,13,,1,6
GFNIKYSY,IYSYDGST,ARDGGYYHYAMDY,,0,13,,1,5
GFNIKSTY,IYPYDGST,ARSGGSSHYGYDY,,0,13,,1,7
GFNIKDTY,IYPTNGYT,ASEGGYSSYSMDS,,0,13,,1,8
GFNIKDTY,IYPSDSAT,ARSGGSAYYSYNY,,0,13,,1,8
GFNIKDTW,IYPSDGYT,ARSGGSSYYYYDY,,0,13,,1,7
GFNIKDIY,IDPANGST,ATYDYYYSTMAPY,,0,13,,1,12
GFNIKDTY,IYPSNGGT,ARSGGSSYYYYDY,,0,13,,1,7
GFNIKDTY,IDPANGYT,ASEGGYSSYSYDY,,0,13,,1,8
GFNIKDTY,IYPTNGYT,ARSGGSSNYYYEY,,0,13,,1,8
GFNISDYY,IYPSSGST,ARLDIQGRYGMDV,,0,13,,1,8
GFNIKDTY,IYPANGYT,AKEGGMYYYYFYY,,0,13,,1,9
GFNIKDYY,IYPSSGST,ARLGGSGSYSMDV,,0,13,,1,6
GFNIKDTY,IYPANGYT,ARSGGRSYYYFDY,,0,13,,1,7
GFNIKDTS,IYPTNGYT,ASEGGYSSYSADY,,0,13,,1,8
GFNIKDSS,IYPSSGYT,AIEYGYYSYYFPY,,0,13,,1,10
GFNIKDTY,IYPTNGYT,ASDGLSSMYGVDY,,0,13,,1,9
GFNIKDTY,IYPTNGYT,AREGGIGYYYFYY,,0,13,,1,7
GFNVKDTY,IYPTSGYT,ARSGGRSNYYYNY,,0,13,,1,8
GFNIKDTY,IYPTNGYT,ASEGGSGSYSMDV,,0,13,,1,7
GFNIKDTY,IYPTNGYT,ARRRGRYNSSYDY,,0,13,,1,9
GFNIKDTY,IDPENGYT,AREGGYAYYSYDY,,0,13,,1,7
GFNIKDTY,IYPTNGYT,AREGGSGTYAMDY,,0,13,,1,4
GFNVSDYW,IYPRNGYT,ARDLGRGSYAMDV,,0,13,,1,6
GFNIKDTY,IYPTNGYT,AREGYRGIYSLDY,,0,13,,1,7
GFNIKDTY,IYPTNGYT,AREGGDYYYYFDY,,0,13,,1,6
GFNISDYS,IYPSIGYT,ARDAGISSYAMDV,,0,13,,1,7
GFNIKDTY,IYPTNGYT,ARSSGRYYYALDY,,0,13,,1,7
GFNIKDTY,IYPTSGYT,ATEGGSSSYSADY,,0,13,,1,8
GFNISDTY,IYPENGST,SRLGSSGYHAMDY,,0,13,,1,5
GFNISDYY,IYPGNGYT,ARDLGYNRYGLEV,,0,13,,1,10
GFNIKDTY,IYPTNGYT,AREGGVYYYYLDY,,0,13,,1,7
GFNIKDTY,IYPAYGST,ARRGGRYTYYYDY,,0,13,,1,7
GFNIKDSY,IYPTNGYT,ARRSYGSTYSFNY,,0,13,,1,10
GFNIKDTY,IYPTNGYT,ARKGRSGSYAMDY,,0,13,,1,5
GFNIKDYY,IYPKYDYT,ARDEGRRSYAMGV,,0,13,,1,8
GFNIKDTY,IYPTNGYT,SRSGGYYNYAYDY,,0,13,,1,5
GFNVKDSY,IYSSDGST,ASTGGSAYYYYDY,,0,13,,1,8
GFNIKDNY,IYPSDSYT,ARRRGRAFYYYDY,,0,13,,1,7
GFNISDYS,IYPRYGYT,ARDLGSGRYAMDV,,0,13,,1,6
GFNIKYYW,IYPESGYT,ARDGGGGYYAYDY,,0,13,,1,5
GFNIKDTY,IYPTNGYT,AREGSRGRYSLDY,,0,13,,1,7
GFNIKDTY,IDPANGYT,AVEYGLYSYGMPY,,0,13,,1,9
GFNIKDTY,IYPTNGYT,ARDGGGGVGSFDY,,0,13,,1,7
GFNIKDTW,IYPRSGTT,ARDTGSGGNYLAY,,0,13,,1,9
GFNIKDTY,IYPTNGYT,ARDGGGDRRGLDY,,0,13,,1,8
GFNIKDTS,IYPANGYT,ASEGGSSSYAYDY,,0,13,,1,7
GFNIKDTY,IYPTNGYT,ASAGGSSYYYYNY,,0,13,,1,9
GFNIKDTY,IYPSNGYT,ARSGGRYYYYFDY,,0,13,,1,7
GFNIKDTY,IYPTNGYT,ARSRGRSSYYFDY,,0,13,,1,8
GFNIKDTY,IYPSNGYT,ARRGGRYSYSYDY,,0,13,,1,7
GFNIKDTY,IYPSNGYT,ATAGGSGYYYYEY,,0,13,,1,8
GFNIKDTY,IYPTNGYT,ARSYGRYNYYFDY,,0,13,,1,8
GFNIKDTY,IYPTNGYT,ASSGGSSSYSYDY,,0,13,,1,8
GFNIKDTY,IYPTNGYT,AREAIYGYGAMDY,,0,13,,1,7
GFNIKDTY,IYPTNGYT,ARSGGGGYYYFYY,,0,13,,1,7
GFNIKDTY,IYPTNGYT,ATEGGYSSYSADY,,0,13,,1,8
GFNIKSNY,IYPTNGYT,ASWYGRYNYSFDY,,0,13,,1,8
GFNIKDTY,IYPTNGYT,ARSYGRYYYYFDY,,0,13,,1,8
GFNISDYY,IYPSSGST,AKVDYYYTYGMAV,,0,13,,1,11
GFNIKDTY,IYPTNGYT,ARSGGRYHYAYDY,,0,13,,1,6
GFNIKDTY,IYPTNGYT,ASEYGSSSYAVDY,,0,13,,1,8
GFNIKDTY,IYPTNGYT,AREGGRGSYGMEV,,0,13,,1,7
GFNIKDTY,IYPTNGYT,AREGGSGRYAMDV,,0,13,,1,5
GFNIKDTY,IYPTNGYT,ATEGGYNSYAFDY,,0,13,,1,7
GFNISDYS,IYPRSGYT,ARKDGSGSYSMDV,,0,13,,1,7
GFNIKDTY,IYPTNGYT,ARVRGVSYYYFYY,,0,13,,1,9
GFNIKDTY,IYPTNGYT,ARDGGSGYYAFDY,,0,13,,1,5
GFNIKDTY,IYPTNGYT,ASAGGSSNYYYEY,,0,13,,1,9
GFNISDYY,IYPYSGIT,ARDGGRYGSYFDY,,0,13,,1,8
GFNIKDTY,IYPTNGYT,AVRGGSSYYYYDY,,0,13,,1,8
GFNISDYW,IYPYYGTT,ARDGGRYMNYFAY,,0,13,,1,9
GFNIKGSW,ISSYDGST,SRSGGSYHYGYDY,,0,13,,1,6
GFNIKDSY,IYPSTGTT,ARRIGRYSYSFEV,,0,13,,1,10
GFNIKDTW,ISPTRGST,AREEYSGTYALLY,,0,13,,1,8
GFNIKDTY,IYPTNGYT,AREGGRYYYYFDY,,0,13,,1,7
GFNISDYY,IDPENGAT,ARYSYSGGGAFDY,,0,13,,1,8
GFNIKDTY,IYPTNGYT,AREDIYGYYSVPV,,0,13,,1,10
GFNIKDTY,IYPTNGYT,ARDYGYYHYAYDY,,0,13,,1,7
GFNISYYS,IYPSSGYT,ARDEGYGRYGFGY,,0,13,,1,8
GFNISDTY,IYPGIGAT,AREGYYGRSSLDY,,0,13,,1,8
GFNIKDTY,IYPTNGYT,ARYGGYYHYGMDY,,0,13,,1,6
GFNIKDTY,IYPTNGYT,ATEGSSYSYSADY,,0,13,,1,9
GFNISDYW,IYPEDGST,SRYSYYGGNAYDY,,0,13,,1,7
GFNIKDTY,IYPTNGYT,ARKDIYGSYGMDV,,0,13,,1,8
GFNIKDTY,IYPTNGYT,ARRGGRYSYSYYY,,0,13,,1,8
GFNIKDTY,IYPTNGYT,ARRSGRYTYSFEY,,0,13,,1,9
GFNISSTY,IYPSIGST,TRKGFFGRNALDY,,0,13,,1,7
GFNIKDTY,IYPTNGYT,ARRGGYYYYYFDY,,0,13,,1,7
GFNISDTY,IYPGNGTT,AREGNSGRFSLDI,,0,13,,1,9
GFNIKDSY,IDPASGST,ARSESSYSSSMEV,,0,13,,1,11
GFNIKDTY,IYPASGST,ATDYGYYSTAMDY,,0,13,,1,8
GFNIKDHY,IYPASGST,AVSESYYSTSYAY,,0,13,,1,12
GFNIKDSY,IYPADGYT,ARRGGSSYYYYDY,,0,13,,1,7
GFNIKDTY,IYPTNGYT,AISGGSSSYYYYY,,0,13,,1,9
GFNISSTY,IYPSISST,AREGYSGLGSIVY,,0,13,,1,9
GFNIKDTY,IDPASGYT,ATEGGYSSYSMTY,,0,13,,1,8
GFNIKDTY,IYPTNGYT,ARDGGGGVYAYDY,,0,13,,1,5
GFNIKDHS,IDPASGST,AVDFLIYSSGADY,,0,13,,1,11
GFNIKDTY,IDPASGST,AIDLGYYYSMMPY,,0,13,,1,10
GFNVKDTY,IYPGDSYT,ASSGGSSYYYYDY,,0,13,,1,8
GFNIKDTY,IYPTNGYT,ARDGGGDRRYFDY,,0,13,,1,8
GFNIKDTY,IYPTNGYT,ARSGGRAYYSYDY,,0,13,,1,7
GFNIKDTY,IYPTNGYT,ARDGGGGRRAYDY,,0,13,,1,6
GFNIKDTY,IYPANGYT,ARSGGRYYYYYDY,,0,13,,1,7
GFNIKDTY,IYPTNGYT,TRSSGRNWYAYDY,,0,13,,1,7
GFNIKDTY,IYPTNGYT,ARSSGRYYYYFDY,,0,13,,1,8
GFNIKDTY,IYPTNGYT,AVDEGLSSTSFPY,,0,13,,1,11
GFNIKDTW,ISPASGYT,ASEGGRSSYYLDY,,0,13,,1,8
GFNIKDTY,IYPTNGYT,ATEIGLWSTAFDY,,0,13,,1,9
GFNIKDTY,IYPTNGYT,ARDGGSGYHGYDY,,0,13,,1,7
GFNIKDTY,IYPTNGYT,ASEGGYGSYYYDY,,0,13,,1,7
GFNIKDTY,IYPTNGYT,ARRRGRYNYYYDY,,0,13,,1,8
GFNIKDSY,IYPKNGGT,ARSGGSSNYSYDY,,0,13,,1,7
GFNIKDTW,IDPEDGYT,ASSGGSGNYSYNY,,0,13,,1,8
GFNIKDTY,IYPTNGYT,ASEYYSYSTAFPY,,0,13,,1,11
GFNISYYW,IYPGSGYT,ARDGGGGVYAFDY,,0,13,,1,5
GFNIKYSS,IYPEDGST,ARSGGYYHYYYDY,,0,13,,1,7
GFNIKDTY,IYPTNGYT,ARRGGRYSSSFDV,,0,13,,1,9
GFNIKDTY,IDPADGYT,ARRGGRGYYYYDY,,0,13,,1,6
GFNIKYSY,IYSYSGST,ARSSGYYHYAYDY,,0,13,,1,7
GFNIKDTY,IYPSNGGT,ARRGGRYSYYFAY,,0,13,,1,8
GFNIKDTY,IYPTNGYT,ARSGGNYYYYFDY,,0,13,,1,7
GFNIKDTY,IYPTNGYT,ASEGGSNSYAFDY,,0,13,,1,7
GFNIKDTY,IYPTNGYT,ARSSGSSHYALDY,,0,13,,1,7
GFNISSYW,IYPYNGST,SRYGYSGYHAFDY,,0,13,,1,6
GFNIKDTY,IYPTNGYT,ARGEGRGRYAAEY,,0,13,,1,7
GFNIKDTY,IYPTNGYT,ARSGGRYSYYFDY,,0,13,,1,7
GFNIKDTY,IYPTNGYT,ARDEGRYVYGMGV,,0,13,,1,9
GFNIKDTY,IYPTNGYT,ARRRRRYSGSYEV,,0,13,,1,12
GFNIKDTY,IDPANGYT,ASEGGSSSYSFDY,,0,13,,1,8
GFNISDYW,IYPRYGTT,ARDGGSDRRYFAY,,0,13,,1,9
GFNISDYW,IYPKYGIT,ARDGGGGYRYYDY,,0,13,,1,7
GFNIKDTY,IYPTNGYT,ARVGGYGYYAYDY,,0,13,,1,5
GFNIKDTY,IYPTNGYT,AVDLGEYSNSYPY,,0,13,,1,11
GFNIKDSY,IYPANGYT,ARRLGRYSYYYAY,,0,13,,1,9
GFNIKDTY,IYPTNGYT,ATEGSTYSYAADY,,0,13,,1,8
GFNIKDYW,IYPGSGST,ARDGGSGYGYFDY,,0,13,,1,7
GFNISDYW,IYPRSGTT,ARDGGVYRSYFDY,,0,13,,1,8
GFNISDTS,IYPRNGST,AREDIRGRGSFDY,,0,13,,1,9
GFNIKYTY,IYSSSGST,AKDSGRYHYAYDY,,0,13,,1,8
GFNLKDTY,IYPANGYT,AREGGRSYYAFDY,,0,13,,1,6
GFNIKDYY,IYPSYGYT,ARGGGTRSFGADS,,0,13,,1,9
GFNIKDTY,IYPTNGYT,ARRGGYGYYSYDY,,0,13,,1,6
GFNIKDTY,IDPANGYT,ASEGGSSSYAMDY,,0,13,,1,6
GFNIKDTY,IYPTNGYT,ARKDTRGRSSLDY,,0,13,,1,9
GFNIKDTY,IDPANGYT,AREGGRGDYSMDY,,0,13,,1,5
GFNIKDTY,IYPSNGYT,AREGGVYYYYFYY,,0,13,,1,8
GFNISDYY,IYPSYGYT,ARDGGRRSNGMDV,,0,13,,1,8
GFNFKDTS,IDPANGYT,ARERGYSYYAMDY,,0,13,,1,6
GFNIKDSY,IYPSDGYT,ARRGGSSYYSYSY,,0,13,,1,8
GFNIKDTY,IYPTNGYT,ASDGGSSSYAWSS,,0,13,,1,9
GFNIKDTY,IYPSNGGT,ARRRRRYSSSFDY,,0,13,,1,10
GFNIKDTY,IYPTNGYT,ARKGLSNSDGLSYLDY,,0,16,,0,-1
GFNIKDTY,IYPTNGYT,ARQGRGYGYGSYFLDY,,0,16,,0,-1
GFNIKDTY,IYPTNGYT,ARQQDYWPYYGVYGSF,,0,16,,0,-1
GFNIKDTY,IYPTNGYT,ARTVPNWFYYGVAMDY,,0,16,,0,-1
GFNIKDTY,IYPTNGYT,ARYRGERLPYFYWG,,0,14,,0,-1
GFNIKDTY,IYPTNGYT,VRVYMVVWDGLGFV,,0,14,,0,-1
GFNIKDTY,IYPTNGYT,ARSDFGSGYSSWDY,,0,14,,0,-1
GFNIKDTY,IYPTNGYT,ARLYGFENARDGFL,,0,14,,0,-1
GFNIKDTY,IYPTNGYT,AAFGWGGFDGESFY,,0,14,,0,-1
GFNIKDTY,IYPTNGYT,SRLIGTPGTNLGYD,,0,14,,0,-1
GFNIKDTY,IYPTNGYT,ARGTYITEAGGDFG,,0,14,,0,-1
GFNIKDTY,IYPTNGYT,YRRPLLVYYDGWGW,,0,14,,0,-1
GFNIKDTY,IYPTNGYT,ARSHYGFYDYYDDY,,0,14,,0,-1
GFNIKDTY,IYPTNGYT,ARFSLGGGGSVADY,,0,14,,0,-1
GFNIKDTY,IYPTNGYT,ARFFFGFGLGFFDW,,0,14,,0,-1
GFNIKDTY,IYPTNGYT,ARMHGSVFSDWGFY,,0,14,,0,-1
GFNIKDTY,IYPTNGYT,AGHSNGYRSAQVRS,,0,14,,0,-1
GFNIKDTY,IYPTNGYT,AGYAGDAYDFGIGD,,0,14,,0,-1
GFNIKDTY,IYPTNGYT,AKRDGLDYIRYLLN,,0,14,,0,-1
GFNIKDTY,IYPTNGYT,ARAPSSDYIYSFPY,,0,14,,0,-1
GFNIKDTY,IYPTNGYT,ARAYYYGISLDTYL,,0,14,,0,-1
GFNIKDTY,IYPTNGYT,ARDDQYISDKWFDY,,0,14,,0,-1
GFNIKDTY,IYPTNGYT,ARDTTDHGKVGDWS,,0,14,,0,-1
GFNIKDTY,IYPTNGYT,ARGQRSGVGRLYDY,,0,14,,0,-1
GFNIKDTY,IYPTNGYT,ARGSSWSRAMDYPY,,0,14,,0,-1
GFNIKDTY,IYPTNGYT,ARIGSVRYSSWYDD,,0,14,,0,-1
GFNIKDTY,IYPTNGYT,ARLMGPMYDWEIDP,,0,14,,0,-1
GFNIKDTY,IYPTNGYT,ARMHHSVYGVFMGN,,0,14,,0,-1
GFNIKDTY,IYPTNGYT,ARQPGDYGGGIGYY,,0,14,,0,-1
GFNIKDTY,IYPTNGYT,ARRGHKASPSSYYY,,0,14,,0,-1
GFNIKDTY,IYPTNGYT,ARRSVTGGSAGFDA,,0,14,,0,-1
GFNIKDTY,IYPTNGYT,ARSRFWDQNWGGEP,,0,14,,0,-1
GFNIKDTY,IYPTNGYT,ARSWYGPYTYYNDY,,0,14,,0,-1
GFNIKDTY,IYPTNGYT,ARVDLLVYYIGMDH,,0,14,,0,-1
GFNIKDTY,IYPTNGYT,ASYDLWFWSPYSYV,,0,14,,0,-1
GFNIKDTY,IYPTNGYT,ATAISSYRGMFITY,,0,14,,0,-1
GFNIKDTY,IYPTNGYT,AYDYWWDGGASVDV,,0,14,,0,-1
GFNIKDTY,IYPTNGYT,DYRYYRSYTGGHYR,,0,14,,0,-1
GFNIKDTY,IYPTNGYT,KRDSYAAGYGYQTY,,0,14,,0,-1
GFNIKDTY,IYPTNGYT,KRVVGTWKAAYYNH,,0,14,,0,-1
GFNIKDTY,IYPTNGYT,LGPGYMGGGYYYAD,,0,14,,0,-1
GFNIKDTY,IYPTNGYT,SGYEAYLALGVRFS,,0,14,,0,-1
GFNIKDTY,IYPTNGYT,VDPLIPVASNPAGS,,0,14,,0,-1
GFNIKDTY,IYPTNGYT,VRWALSVIGGSYDW,,0,14,,0,-1
GFNIKDTY,IYPTNGYT,YRGAETRYGAGEDY,,0,14,,0,-1
GFNIKDTY,IYPTNGYT,AREPGYGYVYAFDY,,0,14,,0,-1
GFNIKDTY,IYPTNGYT,TRWDGLDGRDLFDY,,0,14,,0,-1
GFNIKDTY,IYPTNGYT,ARLGDGLGDTSFDY,,0,14,,0,-1
GFNIKDTY,IYPTNGYT,TRGGGGYFSDGFDY,,0,14,,0,-1
GFNIKDTY,IYPTNGYT,ARLGGSFAVAAMDY,,0,14,,0,-1
GFNIKDTY,IYPTNGYT,ARIVAGDENYYFDY,,0,14,,0,-1
GFNIKDTY,IYPTNGYT,SRLGWEYDYYAMDV,,0,14,,0,-1
GFNIKDTY,IYPTNGYT,ARARYYGDYYAMDY,,0,14,,0,-1
GFNIKDTY,IYPTNGYT,ARLFYYGSEYYFDY,,0,14,,0,-1
GFNIKDTY,IYPTNGYT,ARLSLFSLVGGFDY,,0,14,,0,-1
GFNIKDTY,IYPTNGYT,ARSGDGGYGYYFDY,,0,14,,0,-1
GFNIKDTY,IYPTNGYT,ARESAGATSGEFDY,,0,14,,0,-1
GFNIKDTY,IYPTNGYT,ARDRKLSGYPYFDY,,0,14,,0,-1
